stream_code,parent_discipline_code,contribution_type
INT-STR-BIOS-BIOISPEC,INT-PAR-BIOLOGY,Primary
INT-STR-BIOS-BIOISPEC,INT-PAR-COMPUTER-SCIENCE,Secondary
INT-STR-BIOS-BIOISPEC,INT-PAR-STATISTICS,Supporting
INT-STR-BIOS-HEALINFOANAL,INT-PAR-HEALTHCARE,Primary
INT-STR-BIOS-HEALINFOANAL,INT-PAR-DATA-SCIENCE,Secondary
INT-STR-BIOS-HEALINFOANAL,INT-PAR-MANAGEMENT,Supporting
INT-STR-PSYA-UXRESE,INT-PAR-PSYCHOLOGY,Primary
INT-STR-PSYA-UXRESE,INT-PAR-DESIGN,Secondary
INT-STR-PSYA-UXRESE,INT-PAR-TECHNOLOGY,Supporting
INT-STR-PSYA-BEHAECON,INT-PAR-ECONOMICS,Primary
INT-STR-PSYA-BEHAECON,INT-PAR-PSYCHOLOGY,Secondary
INT-STR-PSYA-BEHAECON,INT-PAR-DATA,Supporting
INT-STR-PSYA-NEURRESEASSO,INT-PAR-PSYCHOLOGY,Primary
INT-STR-PSYA-NEURRESEASSO,INT-PAR-MARKETING,Secondary
INT-STR-PSYA-NEURRESEASSO,INT-PAR-NEUROSCIENCE,Supporting
INT-STR-PSYA-HUMAFACTERGOSPEC,INT-PAR-PSYCHOLOGY,Primary
INT-STR-PSYA-HUMAFACTERGOSPEC,INT-PAR-DESIGN,Secondary
INT-STR-PSYA-HUMAFACTERGOSPEC,INT-PAR-ENGINEERING,Supporting
INT-STR-FINT-FINTPRODANAL,INT-PAR-FINANCE,Primary
INT-STR-FINT-FINTPRODANAL,INT-PAR-TECHNOLOGY,Secondary
INT-STR-FINT-FINTPRODANAL,INT-PAR-DATA,Supporting
INT-STR-FINT-FINAANALPROF,INT-PAR-COMMERCE,Primary
INT-STR-FINT-FINAANALPROF,INT-PAR-STATISTICS,Secondary
INT-STR-FINT-FINAANALPROF,INT-PAR-DATA-SCIENCE,Supporting
INT-STR-FINT-CLIMFINAANAL,INT-PAR-FINANCE,Primary
INT-STR-FINT-CLIMFINAANAL,INT-PAR-SUSTAINABILITY,Secondary
INT-STR-FINT-CLIMFINAANAL,INT-PAR-POLICY,Supporting
INT-STR-CLIM-ESGSUSTANAL,INT-PAR-MANAGEMENT,Primary
INT-STR-CLIM-ESGSUSTANAL,INT-PAR-ENVIRONMENT,Secondary
INT-STR-CLIM-ESGSUSTANAL,INT-PAR-REPORTING,Supporting
INT-STR-CLIM-CIRCECONCONS,INT-PAR-ENVIRONMENT,Primary
INT-STR-CLIM-CIRCECONCONS,INT-PAR-BUSINESS,Secondary
INT-STR-CLIM-CIRCECONCONS,INT-PAR-DESIGN,Supporting
INT-STR-AGRI-AGRITECHBUSIANAL,INT-PAR-AGRICULTURE,Primary
INT-STR-AGRI-AGRITECHBUSIANAL,INT-PAR-DATA,Secondary
INT-STR-AGRI-AGRITECHBUSIANAL,INT-PAR-BUSINESS,Supporting
INT-STR-AGRI-FOODTECHENTR,INT-PAR-FOOD-SCIENCE,Primary
INT-STR-AGRI-FOODTECHENTR,INT-PAR-BUSINESS,Secondary
INT-STR-AGRI-FOODTECHENTR,INT-PAR-SUPPLY-CHAIN,Supporting
INT-STR-AGRI-RURAINNOMANA,INT-PAR-RURAL-MANAGEMENT,Primary
INT-STR-AGRI-RURAINNOMANA,INT-PAR-DESIGN,Secondary
INT-STR-AGRI-RURAINNOMANA,INT-PAR-TECHNOLOGY,Supporting
INT-STR-GEO-GEOAGEOSANAL,INT-PAR-GEOGRAPHY,Primary
INT-STR-GEO-GEOAGEOSANAL,INT-PAR-REMOTE-SENSING,Secondary
INT-STR-GEO-GEOAGEOSANAL,INT-PAR-AI,Supporting
INT-STR-GEO-URBAPLANSMARCITY,INT-PAR-ARCHITECTURE,Primary
INT-STR-GEO-URBAPLANSMARCITY,INT-PAR-GEOGRAPHY,Secondary
INT-STR-GEO-URBAPLANSMARCITY,INT-PAR-POLICY,Supporting
INT-STR-GEO-URBAPLANSMARCITY,INT-PAR-DATA,Supporting
INT-STR-GEO-WATERESOMANAPROF,INT-PAR-CIVIL-ENVIRONMENTAL,Primary
INT-STR-GEO-WATERESOMANAPROF,INT-PAR-POLICY,Secondary
INT-STR-GEO-WATERESOMANAPROF,INT-PAR-GIS,Supporting
INT-STR-LAWT-AIETHIGOVEANAL,INT-PAR-AI,Primary
INT-STR-LAWT-AIETHIGOVEANAL,INT-PAR-LAW,Secondary
INT-STR-LAWT-AIETHIGOVEANAL,INT-PAR-PHILOSOPHY,Supporting
INT-STR-LAWT-AIETHIGOVEANAL,INT-PAR-PUBLIC-POLICY,Supporting
INT-STR-LAWT-CYBEPOLIDIGIRIGH,INT-PAR-LAW,Primary
INT-STR-LAWT-CYBEPOLIDIGIRIGH,INT-PAR-TECHNOLOGY,Secondary
INT-STR-LAWT-CYBEPOLIDIGIRIGH,INT-PAR-GOVERNANCE,Supporting
INT-STR-LAWT-PUBLPOLIANAL,INT-PAR-ECONOMICS,Primary
INT-STR-LAWT-PUBLPOLIANAL,INT-PAR-LAW,Secondary
INT-STR-LAWT-PUBLPOLIANAL,INT-PAR-SOCIOLOGY,Supporting
INT-STR-LAWT-PUBLPOLIANAL,INT-PAR-GOVERNANCE,Supporting
INT-STR-LAWT-LEGADESICONS,INT-PAR-LAW,Primary
INT-STR-LAWT-LEGADESICONS,INT-PAR-DESIGN,Secondary
INT-STR-LAWT-LEGADESICONS,INT-PAR-COMMUNICATION,Supporting
INT-STR-LAWT-SPACPOLIBUSIANAL,INT-PAR-SPACE-SCIENCE,Primary
INT-STR-LAWT-SPACPOLIBUSIANAL,INT-PAR-LAW,Secondary
INT-STR-LAWT-SPACPOLIBUSIANAL,INT-PAR-POLICY,Supporting
INT-STR-LAWT-SPACPOLIBUSIANAL,INT-PAR-BUSINESS,Supporting
INT-STR-LAWT-LEGADATAANAL,INT-PAR-LAW,Primary
INT-STR-LAWT-LEGADATAANAL,INT-PAR-DATA-ANALYTICS,Secondary
INT-STR-POLI-DEVECOMMSPEC,INT-PAR-MEDIA,Primary
INT-STR-POLI-DEVECOMMSPEC,INT-PAR-SOCIOLOGY,Secondary
INT-STR-POLI-DEVECOMMSPEC,INT-PAR-PUBLIC-POLICY,Supporting
INT-STR-POLI-SOCIIMPAMEASANAL,INT-PAR-DEVELOPMENT-STUDIES,Primary
INT-STR-POLI-SOCIIMPAMEASANAL,INT-PAR-STATISTICS,Secondary
INT-STR-POLI-SOCIIMPAMEASANAL,INT-PAR-MANAGEMENT,Supporting
INT-STR-POLI-COMPSOCISCIE,INT-PAR-SOCIOLOGY-ECONOMICS,Primary
INT-STR-POLI-COMPSOCISCIE,INT-PAR-DATA-SCIENCE,Secondary
INT-STR-HUMT-DIGIHUMARESE,INT-PAR-LITERATURE-HISTORY,Primary
INT-STR-HUMT-DIGIHUMARESE,INT-PAR-DATA,Secondary
INT-STR-HUMT-DIGIHUMARESE,INT-PAR-DIGITAL-ARCHIVES,Supporting
INT-STR-HUMT-MUSEHERIEXPEMANA,INT-PAR-HISTORY,Primary
INT-STR-HUMT-MUSEHERIEXPEMANA,INT-PAR-DESIGN,Secondary
INT-STR-HUMT-MUSEHERIEXPEMANA,INT-PAR-TOURISM,Supporting
INT-STR-HUMT-MUSEHERIEXPEMANA,INT-PAR-MANAGEMENT,Supporting
INT-STR-MEDI-SCIECOMMSPEC,INT-PAR-SCIENCE,Primary
INT-STR-MEDI-SCIECOMMSPEC,INT-PAR-MEDIA,Secondary
INT-STR-MEDI-SCIECOMMSPEC,INT-PAR-EDUCATION,Supporting
INT-STR-MEDI-DATAJOURANAL,INT-PAR-JOURNALISM,Primary
INT-STR-MEDI-DATAJOURANAL,INT-PAR-STATISTICS,Secondary
INT-STR-MEDI-DATAJOURANAL,INT-PAR-CODING,Supporting
INT-STR-MEDI-FILMMEDIBUSIMANA,INT-PAR-FILM,Primary
INT-STR-MEDI-FILMMEDIBUSIMANA,INT-PAR-BUSINESS,Secondary
INT-STR-MEDI-FILMMEDIBUSIMANA,INT-PAR-DIGITAL-PLATFORMS,Supporting
INT-STR-DESI-FASHTECHBUSIMANA,INT-PAR-FASHION-DESIGN,Primary
INT-STR-DESI-FASHTECHBUSIMANA,INT-PAR-TECHNOLOGY,Secondary
INT-STR-DESI-FASHTECHBUSIMANA,INT-PAR-RETAIL,Supporting
INT-STR-EDTE-MEDTOPERMANA,INT-PAR-BIOMEDICAL,Primary
INT-STR-EDTE-MEDTOPERMANA,INT-PAR-MANAGEMENT,Secondary
INT-STR-EDTE-MEDTOPERMANA,INT-PAR-DATA,Supporting
INT-STR-EDTE-EDUCTECHSPEC,INT-PAR-EDUCATION,Primary
INT-STR-EDTE-EDUCTECHSPEC,INT-PAR-TECHNOLOGY,Secondary
INT-STR-EDTE-EDUCTECHSPEC,INT-PAR-CONTENT,Supporting
INT-STR-EDTE-EDUCTECHSPEC,INT-PAR-DATA,Supporting
INT-STR-EDTE-EDUCDATAANAL,INT-PAR-EDUCATION,Primary
INT-STR-EDTE-EDUCDATAANAL,INT-PAR-STATISTICS,Secondary
INT-STR-EDTE-EDUCDATAANAL,INT-PAR-TECHNOLOGY,Supporting
INT-STR-HEAL-PHARMANAPROF,INT-PAR-PHARMACY,Primary
INT-STR-HEAL-PHARMANAPROF,INT-PAR-MANAGEMENT,Secondary
INT-STR-HEAL-PHARMANAPROF,INT-PAR-REGULATION,Supporting
INT-STR-FRON-COMPLINGNLPASSO,INT-PAR-LINGUISTICS,Primary
INT-STR-FRON-COMPLINGNLPASSO,INT-PAR-COMPUTER-SCIENCE,Secondary
INT-STR-FRON-COMPLINGNLPASSO,INT-PAR-AI,Supporting
INT-STR-CREA-SPORANALMANA,INT-PAR-SPORTS,Primary
INT-STR-CREA-SPORANALMANA,INT-PAR-DATA,Secondary
INT-STR-CREA-SPORANALMANA,INT-PAR-MANAGEMENT,Supporting
