universe_code,stream_code,career_outcome_code,source_record_code
UNI-COMMERCE,STR-COM-ACTUARIAL-SCIENCE-60978,CAR-COM-ACTUARIAL-SCIENCE-60978,SRC-COM-ACTUARIAL-2-4FD58
UNI-COMMERCE,STR-COM-ADVERTISING-BRAND-37769,CAR-COM-ADVERTISING-BRAND-37769,SRC-COM-ADVERTISING-BRAND-9086B
UNI-COMMERCE,STR-COM-BANKING-CAREERS-D0CED,CAR-COM-BANKING-CAREERS-D0CED,SRC-COM-BANKING-PATHWAY-2-D934D
UNI-COMMERCE,STR-COM-BUSINESS-ANALYTIC-DA68E,CAR-COM-BUSINESS-ANALYTIC-DA68E,SRC-COM-BUSINESS-ANALYTIC-78DE2
UNI-COMMERCE,STR-COM-CHARTERED-ACCOUNT-994BF,CAR-COM-CHARTERED-ACCOUNT-994BF,SRC-COM-CA-PATHWAY-2-51ECD
UNI-COMMERCE,STR-COM-COMPANY-SECRETARY-C940B,CAR-COM-COMPANY-SECRETARY-C940B,SRC-COM-CS-PATHWAY-2-05EB2
UNI-COMMERCE,STR-COM-COST-ACCOUNTANT-D0B3B,CAR-COM-COST-ACCOUNTANT-D0B3B,SRC-COM-CMA-PATHWAY-2-20F00
UNI-COMMERCE,STR-COM-DIGITAL-BUSINESS-ED6E8,CAR-COM-DIGITAL-BUSINESS-ED6E8,SRC-COM-E-COMMERCE-2-E11E5
UNI-COMMERCE,STR-COM-DIGITAL-MARKETING-55CFE,CAR-COM-DIGITAL-MARKETING-55CFE,SRC-COM-DIGITAL-MARKETING-368B9
UNI-COMMERCE,STR-COM-E-COMMERCE-ADVANC-7DBD5,CAR-COM-E-COMMERCE-ADVANC-7DBD5,SRC-COM-E-COMMERCE-ADVANC-C54F5
UNI-COMMERCE,STR-COM-ECONOMIST-E7A1B,CAR-COM-ECONOMIST-E7A1B,SRC-COM-ECONOMICS-PATHWAY-B1ABE
UNI-COMMERCE,STR-COM-FINANCIAL-DATA-AN-0EA90,CAR-COM-FINANCIAL-DATA-AN-0EA90,SRC-COM-DATA-ANALYTICS-2-53883
UNI-COMMERCE,STR-COM-FINTECH-ADVANCED-F6969,CAR-COM-FINTECH-ADVANCED-F6969,SRC-COM-FINTECH-ADVANCED-ECAB0
UNI-COMMERCE,STR-COM-FINTECH-SPECIALIS-EC519,CAR-COM-FINTECH-SPECIALIS-EC519,SRC-COM-FINTECH-2-D07F7
UNI-COMMERCE,STR-COM-GLOBAL-FREELANCE-495EF,CAR-COM-GLOBAL-FREELANCE-495EF,SRC-COM-GLOBAL-FREELANCE-F3251
UNI-COMMERCE,STR-COM-INDUSTRY-OPERATIO-DCF99,CAR-COM-INDUSTRY-OPERATIO-DCF99,SRC-COM-INDUSTRY-OPERATIO-E2D66
UNI-COMMERCE,STR-COM-SPECIALIZED-ACCOU-9FEDB,CAR-COM-SPECIALIZED-ACCOU-9FEDB,SRC-COM-SPECIALIZED-ACCOU-CB6FB
UNI-COMMERCE,STR-COM-STOCK-MARKET-ADVA-26A90,CAR-COM-STOCK-MARKET-ADVA-26A90,SRC-COM-STOCK-MARKET-ADVA-F4D2F
UNI-COMMERCE,STR-COM-WEALTH-MANAGER-1932D,CAR-COM-WEALTH-MANAGER-1932D,SRC-COM-WEALTH-MGMT-2-FFA8A
UNI-HUMANITIES,STR-HUM-ACADEMIC-EDITOR-8FE3E,CAR-HUM-ACADEMIC-EDITOR-8FE3E,SRC-HUM-CAREER-MASTER-129-99366
UNI-HUMANITIES,STR-HUM-ACQUISITION-EDITO-E5900,CAR-HUM-ACQUISITION-EDITO-E5900,SRC-HUM-CAREER-MASTER-125-880CE
UNI-HUMANITIES,STR-HUM-ADVERTISING-COPYW-AB760,CAR-HUM-ADVERTISING-COPYW-AB760,SRC-HUM-CAREER-MASTER-57-8D4F7
UNI-HUMANITIES,STR-HUM-AI-ASSISTED-EDITO-A6525,CAR-HUM-AI-ASSISTED-EDITO-A6525,SRC-HUM-CAREER-MASTER-156-75B2B
UNI-HUMANITIES,STR-HUM-AI-DATASET-LANGUA-64E98,CAR-HUM-AI-DATASET-LANGUA-64E98,SRC-HUM-HUMANITIES-TECHNO-7337D
UNI-HUMANITIES,STR-HUM-AI-ETHICS-RESEARC-B2E92,CAR-HUM-AI-ETHICS-RESEARC-B2E92,SRC-HUM-HUMANITIES-TECHNO-D7720
UNI-HUMANITIES,STR-HUM-AI-TRAINING-CONTE-0533F,CAR-HUM-AI-TRAINING-CONTE-0533F,SRC-HUM-CAREER-MASTER-160-F1831
UNI-HUMANITIES,STR-HUM-ANTHOLOGY-CURATOR-818CA,CAR-HUM-ANTHOLOGY-CURATOR-818CA,SRC-HUM-CAREER-MASTER-146-00E3C
UNI-HUMANITIES,STR-HUM-ARCHAEOLOGIST-61BB2,CAR-HUM-ARCHAEOLOGIST-61BB2,SRC-HUM-CAREER-MASTER-13-AAC93
UNI-HUMANITIES,STR-HUM-ARCHIVE-EDITOR-EB0FD,CAR-HUM-ARCHIVE-EDITOR-EB0FD,SRC-HUM-CAREER-MASTER-147-A6F34
UNI-HUMANITIES,STR-HUM-ARCHIVIST-7B3C2,CAR-HUM-ARCHIVIST-7B3C2,SRC-HUM-CAREER-MASTER-11-402FC
UNI-HUMANITIES,STR-HUM-ART-GALLERY-COORD-D5C46,CAR-HUM-ART-GALLERY-COORD-D5C46,SRC-HUM-CAREER-MASTER-81-CAB54
UNI-HUMANITIES,STR-HUM-ART-TEACHER-VISUA-751D0,CAR-HUM-ART-TEACHER-VISUA-751D0,SRC-HUM-CAREER-MASTER-64-843C8
UNI-HUMANITIES,STR-HUM-ART-THERAPIST-ASS-95302,CAR-HUM-ART-THERAPIST-ASS-95302,SRC-HUM-CAREER-MASTER-66-C721A
UNI-HUMANITIES,STR-HUM-AUDIOBOOK-SCRIPT-ABA83,CAR-HUM-AUDIOBOOK-SCRIPT-ABA83,SRC-HUM-CAREER-MASTER-139-278F7
UNI-HUMANITIES,STR-HUM-BEHAVIOURAL-SCIEN-BE382,CAR-HUM-BEHAVIOURAL-SCIEN-BE382,SRC-HUM-CAREER-MASTER-36-7A11A
UNI-HUMANITIES,STR-HUM-BIOETHICS-MEDICAL-20FED,CAR-HUM-BIOETHICS-MEDICAL-20FED,SRC-HUM-CAREER-MASTER-44-6D2D1
UNI-HUMANITIES,STR-HUM-BLOG-WRITER-E519C,CAR-HUM-BLOG-WRITER-E519C,SRC-HUM-CAREER-MASTER-100-D0ED0
UNI-HUMANITIES,STR-HUM-BOOK-EDITOR-AAD54,CAR-HUM-BOOK-EDITOR-AAD54,SRC-HUM-CAREER-MASTER-122-17C17
UNI-HUMANITIES,STR-HUM-BOOK-METADATA-SPE-F0513,CAR-HUM-BOOK-METADATA-SPE-F0513,SRC-HUM-CAREER-MASTER-140-176B0
UNI-HUMANITIES,STR-HUM-BOOK-REVIEWER-8F54D,CAR-HUM-BOOK-REVIEWER-8F54D,SRC-HUM-CAREER-MASTER-143-F0F04
UNI-HUMANITIES,STR-HUM-BROADCAST-JOURNAL-88D68,CAR-HUM-BROADCAST-JOURNAL-88D68,SRC-HUM-CAREER-MASTER-53-20780
UNI-HUMANITIES,STR-HUM-CAREER-COUNSELLOR-9BED9,CAR-HUM-CAREER-COUNSELLOR-9BED9,SRC-HUM-CAREER-MASTER-50-C4E9A
UNI-HUMANITIES,STR-HUM-CHILDREN-S-LITERA-C5E5A,CAR-HUM-CHILDREN-S-LITERA-C5E5A,SRC-HUM-CAREER-MASTER-148-BD778
UNI-HUMANITIES,STR-HUM-CIVIL-SERVICES-IA-4F46C,CAR-HUM-CIVIL-SERVICES-IA-4F46C,SRC-HUM-CAREER-MASTER-17-D5B92
UNI-HUMANITIES,STR-HUM-CLASSICAL-MUSIC-P-F4940,CAR-HUM-CLASSICAL-MUSIC-P-F4940,SRC-HUM-CAREER-MASTER-60-80198
UNI-HUMANITIES,STR-HUM-CLINICAL-PSYCHOLO-69C83,CAR-HUM-CLINICAL-PSYCHOLO-69C83,SRC-HUM-CAREER-MASTER-29-B7371
UNI-HUMANITIES,STR-HUM-COLLEGE-PROFESSOR-E76DF,CAR-HUM-COLLEGE-PROFESSOR-E76DF,SRC-HUM-CAREER-MASTER-47-CF9C2
UNI-HUMANITIES,STR-HUM-COMMISSIONING-EDI-D8627,CAR-HUM-COMMISSIONING-EDI-D8627,SRC-HUM-CAREER-MASTER-126-9DD95
UNI-HUMANITIES,STR-HUM-COMMUNITY-MANAGER-597D7,CAR-HUM-COMMUNITY-MANAGER-597D7,SRC-HUM-CAREER-MASTER-111-263B4
UNI-HUMANITIES,STR-HUM-CONSERVATION-DOCU-E3E61,CAR-HUM-CONSERVATION-DOCU-E3E61,SRC-HUM-CAREER-MASTER-16-68005
UNI-HUMANITIES,STR-HUM-CONTENT-CURATOR-E34F9,CAR-HUM-CONTENT-CURATOR-E34F9,SRC-HUM-CAREER-MASTER-132-219F4
UNI-HUMANITIES,STR-HUM-CONTENT-MODERATOR-F65E1,CAR-HUM-CONTENT-MODERATOR-F65E1,SRC-HUM-CAREER-MASTER-71-44C8F
UNI-HUMANITIES,STR-HUM-CONVERSATIONAL-AI-15989,CAR-HUM-CONVERSATIONAL-AI-15989,SRC-HUM-HUMANITIES-TECHNO-05B62
UNI-HUMANITIES,STR-HUM-COPY-EDITOR-107AE,CAR-HUM-COPY-EDITOR-107AE,SRC-HUM-CAREER-MASTER-123-6959C
UNI-HUMANITIES,STR-HUM-COUNSELLING-PSYCH-4CCBB,CAR-HUM-COUNSELLING-PSYCH-4CCBB,SRC-HUM-CAREER-MASTER-30-A9F19
UNI-HUMANITIES,STR-HUM-CREATIVE-WRITER-A-FC761,CAR-HUM-CREATIVE-WRITER-A-FC761,SRC-HUM-CAREER-MASTER-74-AF59F
UNI-HUMANITIES,STR-HUM-CSR-SOCIAL-IMPACT-2A279,CAR-HUM-CSR-SOCIAL-IMPACT-2A279,SRC-HUM-CAREER-MASTER-28-8C8D5
UNI-HUMANITIES,STR-HUM-CULTURAL-AI-CONSU-D0D38,CAR-HUM-CULTURAL-AI-CONSU-D0D38,SRC-HUM-HUMANITIES-TECHNO-420BA
UNI-HUMANITIES,STR-HUM-CULTURAL-DOCUMENT-A72E9,CAR-HUM-CULTURAL-DOCUMENT-A72E9,SRC-HUM-CAREER-MASTER-155-B1DA2
UNI-HUMANITIES,STR-HUM-CULTURAL-ENTREPRE-40603,CAR-HUM-CULTURAL-ENTREPRE-40603,SRC-HUM-CAREER-MASTER-83-3AD72
UNI-HUMANITIES,STR-HUM-CULTURAL-PROGRAMM-E1870,CAR-HUM-CULTURAL-PROGRAMM-E1870,SRC-HUM-CAREER-MASTER-79-CF577
UNI-HUMANITIES,STR-HUM-CURRICULUM-DEVELO-B86E5,CAR-HUM-CURRICULUM-DEVELO-B86E5,SRC-HUM-CAREER-MASTER-48-27DEC
UNI-HUMANITIES,STR-HUM-DANCE-PERFORMER-C-BCB11,CAR-HUM-DANCE-PERFORMER-C-BCB11,SRC-HUM-CAREER-MASTER-62-DE7AA
UNI-HUMANITIES,STR-HUM-DEVELOPMENT-SECTO-C20C8,CAR-HUM-DEVELOPMENT-SECTO-C20C8,SRC-HUM-CAREER-MASTER-25-74B48
UNI-HUMANITIES,STR-HUM-DIGITAL-ARCHIVE-S-710AF,CAR-HUM-DIGITAL-ARCHIVE-S-710AF,SRC-HUM-HUMANITIES-TECHNO-AAA75
UNI-HUMANITIES,STR-HUM-DIGITAL-HUMANITIE-6B782,CAR-HUM-DIGITAL-HUMANITIE-6B782,SRC-HUM-HUMANITIES-TECHNO-7EC5E
UNI-HUMANITIES,STR-HUM-DIGITAL-MAGAZINE-5E9CE,CAR-HUM-DIGITAL-MAGAZINE-5E9CE,SRC-HUM-CAREER-MASTER-136-350D3
UNI-HUMANITIES,STR-HUM-DISASTER-MANAGEME-89B79,CAR-HUM-DISASTER-MANAGEME-89B79,SRC-HUM-CAREER-MASTER-41-F9C2D
UNI-HUMANITIES,STR-HUM-DOCUMENTARY-RESEA-33884,CAR-HUM-DOCUMENTARY-RESEA-33884,SRC-HUM-CAREER-MASTER-55-D78DB
UNI-HUMANITIES,STR-HUM-EBOOK-FORMATTER-7276A,CAR-HUM-EBOOK-FORMATTER-7276A,SRC-HUM-CAREER-MASTER-138-EE168
UNI-HUMANITIES,STR-HUM-EDITORIAL-ASSISTA-DF50D,CAR-HUM-EDITORIAL-ASSISTA-DF50D,SRC-HUM-CAREER-MASTER-133-10FC5
UNI-HUMANITIES,STR-HUM-EDITORIAL-PROMPT-BEFA5,CAR-HUM-EDITORIAL-PROMPT-BEFA5,SRC-HUM-CAREER-MASTER-159-45D71
UNI-HUMANITIES,STR-HUM-EDUCATIONAL-CONTE-CACCC,CAR-HUM-EDUCATIONAL-CONTE-CACCC,SRC-HUM-CAREER-MASTER-49-580B0
UNI-HUMANITIES,STR-HUM-EDUCATIONAL-NOTES-2EC14,CAR-HUM-EDUCATIONAL-NOTES-2EC14,SRC-HUM-CAREER-MASTER-151-B7145
UNI-HUMANITIES,STR-HUM-ENGLISH-LANGUAGE-2CCF9,CAR-HUM-ENGLISH-LANGUAGE-2CCF9,SRC-HUM-CAREER-MASTER-69-2001A
UNI-HUMANITIES,STR-HUM-ENGLISH-LITERATUR-3CDBE,CAR-HUM-ENGLISH-LITERATUR-3CDBE,SRC-HUM-CAREER-MASTER-2-24F64
UNI-HUMANITIES,STR-HUM-ENVIRONMENTAL-HUM-4329C,CAR-HUM-ENVIRONMENTAL-HUM-4329C,SRC-HUM-CAREER-MASTER-40-9E03D
UNI-HUMANITIES,STR-HUM-EPIGRAPHIST-NUMIS-B093F,CAR-HUM-EPIGRAPHIST-NUMIS-B093F,SRC-HUM-CAREER-MASTER-14-109BB
UNI-HUMANITIES,STR-HUM-EPIGRAPHY-ASSISTA-C0732,CAR-HUM-EPIGRAPHY-ASSISTA-C0732,SRC-HUM-CAREER-MASTER-120-1F0AC
UNI-HUMANITIES,STR-HUM-ETHICS-AI-POLICY-3AA9F,CAR-HUM-ETHICS-AI-POLICY-3AA9F,SRC-HUM-CAREER-MASTER-43-58812
UNI-HUMANITIES,STR-HUM-FACT-CHECKER-VERI-2F899,CAR-HUM-FACT-CHECKER-VERI-2F899,SRC-HUM-CAREER-MASTER-59-5242C
UNI-HUMANITIES,STR-HUM-FESTIVAL-CURATOR-20E01,CAR-HUM-FESTIVAL-CURATOR-20E01,SRC-HUM-CAREER-MASTER-80-88701
UNI-HUMANITIES,STR-HUM-FINE-ARTIST-A5B58,CAR-HUM-FINE-ARTIST-A5B58,SRC-HUM-CAREER-MASTER-63-A0F6F
UNI-HUMANITIES,STR-HUM-FLUTE-ARTIST-ECAB1,CAR-HUM-FLUTE-ARTIST-ECAB1,SRC-HUM-CAREER-MASTER-86-E0BF7
UNI-HUMANITIES,STR-HUM-FOLK-CULTURE-RESE-95DCB,CAR-HUM-FOLK-CULTURE-RESE-95DCB,SRC-HUM-CAREER-MASTER-94-1F2DE
UNI-HUMANITIES,STR-HUM-FOREIGN-LANGUAGE-F731C,CAR-HUM-FOREIGN-LANGUAGE-F731C,SRC-HUM-CAREER-MASTER-67-3846E
UNI-HUMANITIES,STR-HUM-FORENSIC-PSYCHOLO-D1B41,CAR-HUM-FORENSIC-PSYCHOLO-D1B41,SRC-HUM-CAREER-MASTER-34-B823F
UNI-HUMANITIES,STR-HUM-GENDER-STUDIES-RE-E95C7,CAR-HUM-GENDER-STUDIES-RE-E95C7,SRC-HUM-CAREER-MASTER-26-9F719
UNI-HUMANITIES,STR-HUM-GEOGRAPHER-GEOGRA-57928,CAR-HUM-GEOGRAPHER-GEOGRA-57928,SRC-HUM-CAREER-MASTER-37-96FCB
UNI-HUMANITIES,STR-HUM-GHOST-WRITER-5F02D,CAR-HUM-GHOST-WRITER-5F02D,SRC-HUM-CAREER-MASTER-104-A8BA1
UNI-HUMANITIES,STR-HUM-GIS-ANALYST-HUMAN-5533B,CAR-HUM-GIS-ANALYST-HUMAN-5533B,SRC-HUM-CAREER-MASTER-38-94CDE
UNI-HUMANITIES,STR-HUM-GUITARIST-795AF,CAR-HUM-GUITARIST-795AF,SRC-HUM-CAREER-MASTER-85-D4B9E
UNI-HUMANITIES,STR-HUM-HANDICRAFT-ENTREP-D4203,CAR-HUM-HANDICRAFT-ENTREP-D4203,SRC-HUM-CAREER-MASTER-89-A6B59
UNI-HUMANITIES,STR-HUM-HERITAGE-WALK-CUL-46349,CAR-HUM-HERITAGE-WALK-CUL-46349,SRC-HUM-CAREER-MASTER-15-0107C
UNI-HUMANITIES,STR-HUM-HINDI-LANGUAGE-LI-3B2BD,CAR-HUM-HINDI-LANGUAGE-LI-3B2BD,SRC-HUM-CAREER-MASTER-4-6B26F
UNI-HUMANITIES,STR-HUM-HISTORIAN-HISTORY-2E808,CAR-HUM-HISTORIAN-HISTORY-2E808,SRC-HUM-CAREER-MASTER-10-D2139
UNI-HUMANITIES,STR-HUM-HUMAN-CONTENT-REV-2463F,CAR-HUM-HUMAN-CONTENT-REV-2463F,SRC-HUM-CAREER-MASTER-157-D0EED
UNI-HUMANITIES,STR-HUM-HUMANITIES-COURSE-BD7E2,CAR-HUM-HUMANITIES-COURSE-BD7E2,SRC-HUM-CAREER-MASTER-153-FFE9B
UNI-HUMANITIES,STR-HUM-IKS-RESEARCHER-065BB,CAR-HUM-IKS-RESEARCHER-065BB,SRC-HUM-CAREER-MASTER-92-B703C
UNI-HUMANITIES,STR-HUM-ILLUSTRATOR-CULTU-CF691,CAR-HUM-ILLUSTRATOR-CULTU-CF691,SRC-HUM-CAREER-MASTER-65-D658D
UNI-HUMANITIES,STR-HUM-INDEPENDENT-PUBLI-C0013,CAR-HUM-INDEPENDENT-PUBLI-C0013,SRC-HUM-CAREER-MASTER-149-018E0
UNI-HUMANITIES,STR-HUM-INDEPENDENT-RESEA-809C9,CAR-HUM-INDEPENDENT-RESEA-809C9,SRC-HUM-CAREER-MASTER-84-C776A
UNI-HUMANITIES,STR-HUM-INTERNATIONAL-REL-71733,CAR-HUM-INTERNATIONAL-REL-71733,SRC-HUM-CAREER-MASTER-21-F0328
UNI-HUMANITIES,STR-HUM-INTERPRETER-D578C,CAR-HUM-INTERPRETER-D578C,SRC-HUM-CAREER-MASTER-107-EF3CE
UNI-HUMANITIES,STR-HUM-JAPANESE-KOREAN-L-EB0AA,CAR-HUM-JAPANESE-KOREAN-L-EB0AA,SRC-HUM-CAREER-MASTER-68-E629A
UNI-HUMANITIES,STR-HUM-JOURNAL-EDITOR-6F4E8,CAR-HUM-JOURNAL-EDITOR-6F4E8,SRC-HUM-CAREER-MASTER-130-096C6
UNI-HUMANITIES,STR-HUM-JOURNALIST-PRINT-ACA27,CAR-HUM-JOURNALIST-PRINT-ACA27,SRC-HUM-CAREER-MASTER-52-350D4
UNI-HUMANITIES,STR-HUM-KINDLE-PUBLISHER-2F0E8,CAR-HUM-KINDLE-PUBLISHER-2F0E8,SRC-HUM-CAREER-MASTER-134-66ACD
UNI-HUMANITIES,STR-HUM-KIRTANKAR-F39BF,CAR-HUM-KIRTANKAR-F39BF,SRC-HUM-CAREER-MASTER-88-22D30
UNI-HUMANITIES,STR-HUM-KNOWLEDGE-CURATOR-8D4EB,CAR-HUM-KNOWLEDGE-CURATOR-8D4EB,SRC-HUM-HUMANITIES-TECHNO-7C22E
UNI-HUMANITIES,STR-HUM-KNOWLEDGE-MANAGER-7DBAE,CAR-HUM-KNOWLEDGE-MANAGER-7DBAE,SRC-HUM-CAREER-MASTER-78-70E19
UNI-HUMANITIES,STR-HUM-LIFE-SKILLS-TRAIN-4E6C6,CAR-HUM-LIFE-SKILLS-TRAIN-4E6C6,SRC-HUM-CAREER-MASTER-112-59014
UNI-HUMANITIES,STR-HUM-LINGUIST-LANGUAGE-177E7,CAR-HUM-LINGUIST-LANGUAGE-177E7,SRC-HUM-CAREER-MASTER-6-2FBD7
UNI-HUMANITIES,STR-HUM-LITERARY-AGENT-PU-342EA,CAR-HUM-LITERARY-AGENT-PU-342EA,SRC-HUM-CAREER-MASTER-73-E7D34
UNI-HUMANITIES,STR-HUM-LITERARY-CRITIC-EBE76,CAR-HUM-LITERARY-CRITIC-EBE76,SRC-HUM-CAREER-MASTER-142-FF69E
UNI-HUMANITIES,STR-HUM-LITERARY-MAGAZINE-02B5C,CAR-HUM-LITERARY-MAGAZINE-02B5C,SRC-HUM-CAREER-MASTER-152-2AE96
UNI-HUMANITIES,STR-HUM-LITERARY-SCOUT-E314B,CAR-HUM-LITERARY-SCOUT-E314B,SRC-HUM-CAREER-MASTER-127-A91E7
UNI-HUMANITIES,STR-HUM-LITERARY-TRANSLAT-C66B9,CAR-HUM-LITERARY-TRANSLAT-C66B9,SRC-HUM-CAREER-MASTER-106-BD1DE
UNI-HUMANITIES,STR-HUM-LOCALIZATION-QUAL-96A6A,CAR-HUM-LOCALIZATION-QUAL-96A6A,SRC-HUM-CAREER-MASTER-70-A197F
UNI-HUMANITIES,STR-HUM-LOCALIZATION-SPEC-90FC8,CAR-HUM-LOCALIZATION-SPEC-90FC8,SRC-HUM-HUMANITIES-TECHNO-ED3DB
UNI-HUMANITIES,STR-HUM-LONG-FORM-ESSAYIS-D16B8,CAR-HUM-LONG-FORM-ESSAYIS-D16B8,SRC-HUM-CAREER-MASTER-101-F6C2E
UNI-HUMANITIES,STR-HUM-MADHUBANI-ARTIST-2F6C0,CAR-HUM-MADHUBANI-ARTIST-2F6C0,SRC-HUM-CAREER-MASTER-91-430B0
UNI-HUMANITIES,STR-HUM-MANAGING-EDITOR-13BE1,CAR-HUM-MANAGING-EDITOR-13BE1,SRC-HUM-CAREER-MASTER-131-79A23
UNI-HUMANITIES,STR-HUM-MANUSCRIPT-EVALUA-905BE,CAR-HUM-MANUSCRIPT-EVALUA-905BE,SRC-HUM-CAREER-MASTER-145-9DBFA
UNI-HUMANITIES,STR-HUM-MANUSCRIPTOLOGIST-75964,CAR-HUM-MANUSCRIPTOLOGIST-75964,SRC-HUM-CAREER-MASTER-96-A3E87
UNI-HUMANITIES,STR-HUM-MARATHI-REGIONAL-3DC77,CAR-HUM-MARATHI-REGIONAL-3DC77,SRC-HUM-CAREER-MASTER-3-CAC38
UNI-HUMANITIES,STR-HUM-MULTILINGUAL-DATA-E6FBF,CAR-HUM-MULTILINGUAL-DATA-E6FBF,SRC-HUM-CAREER-MASTER-161-5786D
UNI-HUMANITIES,STR-HUM-MUSEUM-CURATOR-E7B8D,CAR-HUM-MUSEUM-CURATOR-E7B8D,SRC-HUM-CAREER-MASTER-12-70A33
UNI-HUMANITIES,STR-HUM-MUSEUM-EDUCATOR-92C20,CAR-HUM-MUSEUM-EDUCATOR-92C20,SRC-HUM-CAREER-MASTER-95-10FAF
UNI-HUMANITIES,STR-HUM-NARRATIVE-UX-WRIT-F7028,CAR-HUM-NARRATIVE-UX-WRIT-F7028,SRC-HUM-HUMANITIES-TECHNO-D0BA8
UNI-HUMANITIES,STR-HUM-NEWSLETTER-PUBLIS-EDCCE,CAR-HUM-NEWSLETTER-PUBLIS-EDCCE,SRC-HUM-CAREER-MASTER-137-2EFC7
UNI-HUMANITIES,STR-HUM-OPINION-COLUMNIST-34529,CAR-HUM-OPINION-COLUMNIST-34529,SRC-HUM-CAREER-MASTER-102-17549
UNI-HUMANITIES,STR-HUM-ORAL-HISTORY-DOCU-A4571,CAR-HUM-ORAL-HISTORY-DOCU-A4571,SRC-HUM-CAREER-MASTER-82-E4AF0
UNI-HUMANITIES,STR-HUM-ORAL-TRADITION-AR-74D04,CAR-HUM-ORAL-TRADITION-AR-74D04,SRC-HUM-CAREER-MASTER-119-E8F57
UNI-HUMANITIES,STR-HUM-ORGANIZATIONAL-PS-8D423,CAR-HUM-ORGANIZATIONAL-PS-8D423,SRC-HUM-CAREER-MASTER-32-B00B2
UNI-HUMANITIES,STR-HUM-PHILOSOPHY-PROFES-6D46A,CAR-HUM-PHILOSOPHY-PROFES-6D46A,SRC-HUM-CAREER-MASTER-42-47380
UNI-HUMANITIES,STR-HUM-POD-PUBLISHING-CO-4CC04,CAR-HUM-POD-PUBLISHING-CO-4CC04,SRC-HUM-CAREER-MASTER-135-FE722
UNI-HUMANITIES,STR-HUM-PODCAST-CREATOR-A2726,CAR-HUM-PODCAST-CREATOR-A2726,SRC-HUM-CAREER-MASTER-97-F19BD
UNI-HUMANITIES,STR-HUM-PODCAST-PRODUCER-54220,CAR-HUM-PODCAST-PRODUCER-54220,SRC-HUM-CAREER-MASTER-54-8C36A
UNI-HUMANITIES,STR-HUM-PODCAST-STORYTELL-09871,CAR-HUM-PODCAST-STORYTELL-09871,SRC-HUM-CAREER-MASTER-103-CC2AA
UNI-HUMANITIES,STR-HUM-POLITICAL-ANALYST-B725F,CAR-HUM-POLITICAL-ANALYST-B725F,SRC-HUM-CAREER-MASTER-19-0B12C
UNI-HUMANITIES,STR-HUM-POWADA-SHAHIRI-AR-14ADB,CAR-HUM-POWADA-SHAHIRI-AR-14ADB,SRC-HUM-CAREER-MASTER-87-E33A0
UNI-HUMANITIES,STR-HUM-PROMPT-DESIGNER-5A3AD,CAR-HUM-PROMPT-DESIGNER-5A3AD,SRC-HUM-HUMANITIES-TECHNO-D39F6
UNI-HUMANITIES,STR-HUM-PROMPT-WRITER-AI-A77BA,CAR-HUM-PROMPT-WRITER-AI-A77BA,SRC-HUM-CAREER-MASTER-77-D02BF
UNI-HUMANITIES,STR-HUM-PROOFREADER-2F3F1,CAR-HUM-PROOFREADER-2F3F1,SRC-HUM-CAREER-MASTER-124-7DE43
UNI-HUMANITIES,STR-HUM-PSYCHOMETRIC-TEST-0EF56,CAR-HUM-PSYCHOMETRIC-TEST-0EF56,SRC-HUM-CAREER-MASTER-35-51D96
UNI-HUMANITIES,STR-HUM-PUBLIC-ADMINISTRA-E4C3D,CAR-HUM-PUBLIC-ADMINISTRA-E4C3D,SRC-HUM-CAREER-MASTER-22-617DD
UNI-HUMANITIES,STR-HUM-PUBLIC-ENGAGEMENT-7ED09,CAR-HUM-PUBLIC-ENGAGEMENT-7ED09,SRC-HUM-CAREER-MASTER-113-CEB95
UNI-HUMANITIES,STR-HUM-PUBLIC-POLICY-RES-97B94,CAR-HUM-PUBLIC-POLICY-RES-97B94,SRC-HUM-CAREER-MASTER-20-8B3E3
UNI-HUMANITIES,STR-HUM-PUBLIC-RELATIONS-88FD4,CAR-HUM-PUBLIC-RELATIONS-88FD4,SRC-HUM-CAREER-MASTER-56-16B59
UNI-HUMANITIES,STR-HUM-PUBLISHING-COORDI-9C887,CAR-HUM-PUBLISHING-COORDI-9C887,SRC-HUM-CAREER-MASTER-128-5C41E
UNI-HUMANITIES,STR-HUM-PUBLISHING-PLATFO-87F9E,CAR-HUM-PUBLISHING-PLATFO-87F9E,SRC-HUM-CAREER-MASTER-141-E0C7E
UNI-HUMANITIES,STR-HUM-REGIONAL-LANGUAGE-D3629,CAR-HUM-REGIONAL-LANGUAGE-D3629,SRC-HUM-CAREER-MASTER-150-DCDB0
UNI-HUMANITIES,STR-HUM-RELIGIOUS-STUDIES-F278A,CAR-HUM-RELIGIOUS-STUDIES-F278A,SRC-HUM-CAREER-MASTER-45-1D0BD
UNI-HUMANITIES,STR-HUM-RESEARCH-DIGEST-C-EF386,CAR-HUM-RESEARCH-DIGEST-C-EF386,SRC-HUM-CAREER-MASTER-154-B65DA
UNI-HUMANITIES,STR-HUM-RURAL-DEVELOPMENT-4F741,CAR-HUM-RURAL-DEVELOPMENT-4F741,SRC-HUM-CAREER-MASTER-27-64172
UNI-HUMANITIES,STR-HUM-SANSKRIT-STUDIES-F1792,CAR-HUM-SANSKRIT-STUDIES-F1792,SRC-HUM-CAREER-MASTER-5-06988
UNI-HUMANITIES,STR-HUM-SCHOOL-PSYCHOLOGI-76A23,CAR-HUM-SCHOOL-PSYCHOLOGI-76A23,SRC-HUM-CAREER-MASTER-31-A540D
UNI-HUMANITIES,STR-HUM-SCHOOL-TEACHER-AR-EB20C,CAR-HUM-SCHOOL-TEACHER-AR-EB20C,SRC-HUM-CAREER-MASTER-46-A3A86
UNI-HUMANITIES,STR-HUM-SCRIPT-WRITER-A45D8,CAR-HUM-SCRIPT-WRITER-A45D8,SRC-HUM-CAREER-MASTER-99-D6F78
UNI-HUMANITIES,STR-HUM-SCRIPTWRITER-FILM-4EED0,CAR-HUM-SCRIPTWRITER-FILM-4EED0,SRC-HUM-CAREER-MASTER-75-D10C6
UNI-HUMANITIES,STR-HUM-SENSITIVITY-READE-45521,CAR-HUM-SENSITIVITY-READE-45521,SRC-HUM-CAREER-MASTER-144-D5730
UNI-HUMANITIES,STR-HUM-SOCIAL-MEDIA-CONT-7CB12,CAR-HUM-SOCIAL-MEDIA-CONT-7CB12,SRC-HUM-CAREER-MASTER-58-427D1
UNI-HUMANITIES,STR-HUM-SOCIAL-WORKER-MSW-4A0DA,CAR-HUM-SOCIAL-WORKER-MSW-4A0DA,SRC-HUM-CAREER-MASTER-24-5EE8F
UNI-HUMANITIES,STR-HUM-SOCIOLOGIST-SOCIO-6B5A2,CAR-HUM-SOCIOLOGIST-SOCIO-6B5A2,SRC-HUM-CAREER-MASTER-23-20325
UNI-HUMANITIES,STR-HUM-SPECIAL-EDUCATOR-3054A,CAR-HUM-SPECIAL-EDUCATOR-3054A,SRC-HUM-CAREER-MASTER-51-FCFB2
UNI-HUMANITIES,STR-HUM-SPORTS-PSYCHOLOGI-B758A,CAR-HUM-SPORTS-PSYCHOLOGI-B758A,SRC-HUM-CAREER-MASTER-33-DC7A3
UNI-HUMANITIES,STR-HUM-STATE-CIVIL-SERVI-83788,CAR-HUM-STATE-CIVIL-SERVI-83788,SRC-HUM-CAREER-MASTER-18-12B60
UNI-HUMANITIES,STR-HUM-STUDENT-SUCCESS-M-E872F,CAR-HUM-STUDENT-SUCCESS-M-E872F,SRC-HUM-CAREER-MASTER-110-60C40
UNI-HUMANITIES,STR-HUM-SUBTITLING-DUBBIN-30B67,CAR-HUM-SUBTITLING-DUBBIN-30B67,SRC-HUM-CAREER-MASTER-8-2B307
UNI-HUMANITIES,STR-HUM-SUBTITLING-SPECIA-2B0F8,CAR-HUM-SUBTITLING-SPECIA-2B0F8,SRC-HUM-CAREER-MASTER-108-2085E
UNI-HUMANITIES,STR-HUM-TECHNICAL-DOCUMEN-E7C30,CAR-HUM-TECHNICAL-DOCUMEN-E7C30,SRC-HUM-CAREER-MASTER-9-4B35C
UNI-HUMANITIES,STR-HUM-TEMPLE-HERITAGE-I-372D4,CAR-HUM-TEMPLE-HERITAGE-I-372D4,SRC-HUM-CAREER-MASTER-121-15515
UNI-HUMANITIES,STR-HUM-THEATRE-ARTIST-AC-F7BD6,CAR-HUM-THEATRE-ARTIST-AC-F7BD6,SRC-HUM-CAREER-MASTER-61-9BD4C
UNI-HUMANITIES,STR-HUM-TRANSLATOR-7E127,CAR-HUM-TRANSLATOR-7E127,SRC-HUM-CAREER-MASTER-105-686F2
UNI-HUMANITIES,STR-HUM-TRANSLATOR-INTERP-64E53,CAR-HUM-TRANSLATOR-INTERP-64E53,SRC-HUM-CAREER-MASTER-7-FDBB8
UNI-HUMANITIES,STR-HUM-URBAN-STUDIES-RES-1455B,CAR-HUM-URBAN-STUDIES-RES-1455B,SRC-HUM-CAREER-MASTER-39-EB1E6
UNI-HUMANITIES,STR-HUM-UX-WRITER-CONTENT-4A999,CAR-HUM-UX-WRITER-CONTENT-4A999,SRC-HUM-CAREER-MASTER-76-1A2CD
UNI-HUMANITIES,STR-HUM-VEDIC-STUDIES-SCH-EA4A8,CAR-HUM-VEDIC-STUDIES-SCH-EA4A8,SRC-HUM-CAREER-MASTER-93-FA018
UNI-HUMANITIES,STR-HUM-WARLI-ART-SPECIAL-5FA3B,CAR-HUM-WARLI-ART-SPECIAL-5FA3B,SRC-HUM-CAREER-MASTER-90-44126
UNI-HUMANITIES,STR-HUM-YOUTUBE-EDUCATOR-688EF,CAR-HUM-YOUTUBE-EDUCATOR-688EF,SRC-HUM-CAREER-MASTER-98-7F9B9
UNI-INTERDISCIPLINARY,STR-INTD-ACCESSIBILITY-IN-22CE1,CAR-INTD-ACCESSIBILITY-IN-22CE1,SRC-INTD-SPECIALIZED-RARE-D09AB
UNI-INTERDISCIPLINARY,STR-INTD-ADIVASI-LITERATU-2D551,CAR-INTD-ADIVASI-LITERATU-2D551,SRC-INTD-COMMUNITY-TRIBAL-5D16A
UNI-INTERDISCIPLINARY,STR-INTD-AGRI-MARKET-INTE-30CC5,CAR-INTD-AGRI-MARKET-INTE-30CC5,SRC-INTD-INTERDISCIPLINAR-AEAE7
UNI-INTERDISCIPLINARY,STR-INTD-AGRI-TECH-BUSINE-B007A,CAR-INTD-AGRI-TECH-BUSINE-B007A,SRC-INTD-AGRICULTURE-SUST-8F979
UNI-INTERDISCIPLINARY,STR-INTD-AI-ASSISTED-MEDI-444EE,CAR-INTD-AI-ASSISTED-MEDI-444EE,SRC-INTD-MEDIA-COMMUNICAT-FEBB3
UNI-INTERDISCIPLINARY,STR-INTD-AI-CONTENT-KNOWL-06A6C,CAR-INTD-AI-CONTENT-KNOWL-06A6C,SRC-INTD-HUMANITIES-TECHN-81CAB
UNI-INTERDISCIPLINARY,STR-INTD-AI-ETHICS-GOVERN-9CCAD,CAR-INTD-AI-ETHICS-GOVERN-9CCAD,SRC-INTD-CAREER-MASTER-6-5526B
UNI-INTERDISCIPLINARY,STR-INTD-AI-GOVERNANCE-AN-E6D78,CAR-INTD-AI-GOVERNANCE-AN-E6D78,SRC-INTD-LAW-TECHNOLOGY-G-EB6B7
UNI-INTERDISCIPLINARY,STR-INTD-ARCHAEOLOGY-DIGI-1672A,CAR-INTD-ARCHAEOLOGY-DIGI-1672A,SRC-INTD-SPECIALIZED-RARE-5DE5B
UNI-INTERDISCIPLINARY,STR-INTD-ARCHIVAL-STUDIES-438E7,CAR-INTD-ARCHIVAL-STUDIES-438E7,SRC-INTD-SPECIALIZED-RARE-6D6C1
UNI-INTERDISCIPLINARY,STR-INTD-AREA-STUDIES-REG-63AA9,CAR-INTD-AREA-STUDIES-REG-63AA9,SRC-INTD-SPECIALIZED-RARE-D3B33
UNI-INTERDISCIPLINARY,STR-INTD-ASSISTIVE-TECHNO-40101,CAR-INTD-ASSISTIVE-TECHNO-40101,SRC-INTD-COMMUNITY-TRIBAL-805C8
UNI-INTERDISCIPLINARY,STR-INTD-BAMBOO-LAC-MINOR-EF20E,CAR-INTD-BAMBOO-LAC-MINOR-EF20E,SRC-INTD-COMMUNITY-TRIBAL-7FBEF
UNI-INTERDISCIPLINARY,STR-INTD-BEHAVIOURAL-ECON-E9131,CAR-INTD-BEHAVIOURAL-ECON-E9131,SRC-INTD-PSYCHOLOGY-BUSIN-2D6B6
UNI-INTERDISCIPLINARY,STR-INTD-BIOENTREPRENEURS-DF891,CAR-INTD-BIOENTREPRENEURS-DF891,SRC-INTD-EMERGING-FRONTIE-EF734
UNI-INTERDISCIPLINARY,STR-INTD-BIOETHICS-47F40,CAR-INTD-BIOETHICS-47F40,SRC-INTD-SPECIALIZED-RARE-6A582
UNI-INTERDISCIPLINARY,STR-INTD-BIOINFORMATICS-S-7F57D,CAR-INTD-BIOINFORMATICS-S-7F57D,SRC-INTD-CAREER-MASTER-3-BE883
UNI-INTERDISCIPLINARY,STR-INTD-BLOCKCHAIN-COMPL-20BC0,CAR-INTD-BLOCKCHAIN-COMPL-20BC0,SRC-INTD-COMMERCE-ANALYTI-96327
UNI-INTERDISCIPLINARY,STR-INTD-BORDERLAND-STUDI-27EA5,CAR-INTD-BORDERLAND-STUDI-27EA5,SRC-INTD-SPECIALIZED-RARE-564D9
UNI-INTERDISCIPLINARY,STR-INTD-BUDDHIST-STUDIES-27600,CAR-INTD-BUDDHIST-STUDIES-27600,SRC-INTD-SPECIALIZED-RARE-93F19
UNI-INTERDISCIPLINARY,STR-INTD-CIRCULAR-ECONOMY-D8DEF,CAR-INTD-CIRCULAR-ECONOMY-D8DEF,SRC-INTD-AGRICULTURE-SUST-18B09
UNI-INTERDISCIPLINARY,STR-INTD-CLIMATE-ADAPTATI-C32E2,CAR-INTD-CLIMATE-ADAPTATI-C32E2,SRC-INTD-EMERGING-FRONTIE-B4E45
UNI-INTERDISCIPLINARY,STR-INTD-CLIMATE-FINANCE-6D2EB,CAR-INTD-CLIMATE-FINANCE-6D2EB,SRC-INTD-COMMERCE-ANALYTI-A5A37
UNI-INTERDISCIPLINARY,STR-INTD-CLIMATE-HUMANITI-4364A,CAR-INTD-CLIMATE-HUMANITI-4364A,SRC-INTD-SPECIALIZED-RARE-DB437
UNI-INTERDISCIPLINARY,STR-INTD-COGNITIVE-SCIENC-681E2,CAR-INTD-COGNITIVE-SCIENC-681E2,SRC-INTD-SPECIALIZED-RARE-94069
UNI-INTERDISCIPLINARY,STR-INTD-COMMUNITY-BIO-CU-7252E,CAR-INTD-COMMUNITY-BIO-CU-7252E,SRC-INTD-COMMUNITY-TRIBAL-A6D9B
UNI-INTERDISCIPLINARY,STR-INTD-COMMUNITY-CLIMAT-15EB9,CAR-INTD-COMMUNITY-CLIMAT-15EB9,SRC-INTD-COMMUNITY-TRIBAL-8B6DD
UNI-INTERDISCIPLINARY,STR-INTD-COMMUNITY-DATA-I-11BFC,CAR-INTD-COMMUNITY-DATA-I-11BFC,SRC-INTD-COMMUNITY-TRIBAL-FE1EB
UNI-INTERDISCIPLINARY,STR-INTD-COMMUNITY-HEALTH-FE968,CAR-INTD-COMMUNITY-HEALTH-FE968,SRC-INTD-COMMUNITY-TRIBAL-673C7
UNI-INTERDISCIPLINARY,STR-INTD-COMMUNITY-MEDIA-76254,CAR-INTD-COMMUNITY-MEDIA-76254,SRC-INTD-COMMUNITY-TRIBAL-8C220
UNI-INTERDISCIPLINARY,STR-INTD-COMMUNITY-MENTAL-46923,CAR-INTD-COMMUNITY-MENTAL-46923,SRC-INTD-COMMUNITY-TRIBAL-FADC5
UNI-INTERDISCIPLINARY,STR-INTD-COMMUNITY-NUTRIT-8C1C0,CAR-INTD-COMMUNITY-NUTRIT-8C1C0,SRC-INTD-COMMUNITY-TRIBAL-1EA61
UNI-INTERDISCIPLINARY,STR-INTD-COMPARATIVE-RELI-2EAE0,CAR-INTD-COMPARATIVE-RELI-2EAE0,SRC-INTD-SPECIALIZED-RARE-7FF5B
UNI-INTERDISCIPLINARY,STR-INTD-COMPUTATIONAL-LI-5769A,CAR-INTD-COMPUTATIONAL-LI-5769A,SRC-INTD-SPECIALIZED-RARE-F370C
UNI-INTERDISCIPLINARY,STR-INTD-COMPUTATIONAL-LI-75E92,CAR-INTD-COMPUTATIONAL-LI-75E92,SRC-INTD-HUMANITIES-TECHN-F36DE
UNI-INTERDISCIPLINARY,STR-INTD-COMPUTATIONAL-LI-EEE1E,CAR-INTD-COMPUTATIONAL-LI-EEE1E,SRC-INTD-CAREER-MASTER-11-54838
UNI-INTERDISCIPLINARY,STR-INTD-COMPUTATIONAL-SO-043A8,CAR-INTD-COMPUTATIONAL-SO-043A8,SRC-INTD-CAREER-MASTER-37-540BB
UNI-INTERDISCIPLINARY,STR-INTD-CREATOR-ECONOMY-53EB9,CAR-INTD-CREATOR-ECONOMY-53EB9,SRC-INTD-MEDIA-COMMUNICAT-7C34A
UNI-INTERDISCIPLINARY,STR-INTD-CULTURAL-ANALYTI-274FB,CAR-INTD-CULTURAL-ANALYTI-274FB,SRC-INTD-HUMANITIES-TECHN-71416
UNI-INTERDISCIPLINARY,STR-INTD-CULTURAL-ANALYTI-E1877,CAR-INTD-CULTURAL-ANALYTI-E1877,SRC-INTD-SPECIALIZED-RARE-B24CA
UNI-INTERDISCIPLINARY,STR-INTD-CYBER-LAW-SPECIA-18356,CAR-INTD-CYBER-LAW-SPECIA-18356,SRC-INTD-LAW-TECHNOLOGY-G-D54B7
UNI-INTERDISCIPLINARY,STR-INTD-CYBER-POLICY-DIG-5D80B,CAR-INTD-CYBER-POLICY-DIG-5D80B,SRC-INTD-CAREER-MASTER-7-9419C
UNI-INTERDISCIPLINARY,STR-INTD-DATA-FOR-GOVERNA-F0336,CAR-INTD-DATA-FOR-GOVERNA-F0336,SRC-INTD-PUBLIC-POLICY-EC-F6D17
UNI-INTERDISCIPLINARY,STR-INTD-DATA-JOURNALISM-824A5,CAR-INTD-DATA-JOURNALISM-824A5,SRC-INTD-CAREER-MASTER-27-8255E
UNI-INTERDISCIPLINARY,STR-INTD-DATA-JOURNALIST-2F2DD,CAR-INTD-DATA-JOURNALIST-2F2DD,SRC-INTD-MEDIA-COMMUNICAT-C59BC
UNI-INTERDISCIPLINARY,STR-INTD-DATA-PRIVACY-COM-68261,CAR-INTD-DATA-PRIVACY-COM-68261,SRC-INTD-INTERDISCIPLINAR-32083
UNI-INTERDISCIPLINARY,STR-INTD-DATA-PRIVACY-OFF-E8FA0,CAR-INTD-DATA-PRIVACY-OFF-E8FA0,SRC-INTD-LAW-TECHNOLOGY-G-1D712
UNI-INTERDISCIPLINARY,STR-INTD-DEVELOPMENT-COMM-1D561,CAR-INTD-DEVELOPMENT-COMM-1D561,SRC-INTD-MEDIA-COMMUNICAT-947CB
UNI-INTERDISCIPLINARY,STR-INTD-DEVELOPMENT-PROG-E60A1,CAR-INTD-DEVELOPMENT-PROG-E60A1,SRC-INTD-PUBLIC-POLICY-EC-9611B
UNI-INTERDISCIPLINARY,STR-INTD-DEVELOPMENT-STUD-A9172,CAR-INTD-DEVELOPMENT-STUD-A9172,SRC-INTD-SPECIALIZED-RARE-BB344
UNI-INTERDISCIPLINARY,STR-INTD-DIGITAL-ANTHROPO-E5DC4,CAR-INTD-DIGITAL-ANTHROPO-E5DC4,SRC-INTD-SPECIALIZED-RARE-43196
UNI-INTERDISCIPLINARY,STR-INTD-DIGITAL-ARCHIVE-77A96,CAR-INTD-DIGITAL-ARCHIVE-77A96,SRC-INTD-INTERDISCIPLINAR-A1451
UNI-INTERDISCIPLINARY,STR-INTD-DIGITAL-HEALTH-P-9884D,CAR-INTD-DIGITAL-HEALTH-P-9884D,SRC-INTD-HEALTHCARE-ANALY-A8D54
UNI-INTERDISCIPLINARY,STR-INTD-DIGITAL-HUMANITI-6697C,CAR-INTD-DIGITAL-HUMANITI-6697C,SRC-INTD-HUMANITIES-TECHN-4C875
UNI-INTERDISCIPLINARY,STR-INTD-DIGITAL-HUMANITI-DD036,CAR-INTD-DIGITAL-HUMANITI-DD036,SRC-INTD-SPECIALIZED-RARE-E4969
UNI-INTERDISCIPLINARY,STR-INTD-DIGITAL-PUBLIC-I-240E1,CAR-INTD-DIGITAL-PUBLIC-I-240E1,SRC-INTD-EMERGING-FRONTIE-7EE0A
UNI-INTERDISCIPLINARY,STR-INTD-DISABILITY-STUDI-B315F,CAR-INTD-DISABILITY-STUDI-B315F,SRC-INTD-COMMUNITY-TRIBAL-C77AE
UNI-INTERDISCIPLINARY,STR-INTD-DISABILITY-STUDI-F41BD,CAR-INTD-DISABILITY-STUDI-F41BD,SRC-INTD-SPECIALIZED-RARE-7BFEF
UNI-INTERDISCIPLINARY,STR-INTD-ECOLOGICAL-ECONO-0699D,CAR-INTD-ECOLOGICAL-ECONO-0699D,SRC-INTD-SPECIALIZED-RARE-13F15
UNI-INTERDISCIPLINARY,STR-INTD-EDUCATION-TECHNO-C89A9,CAR-INTD-EDUCATION-TECHNO-C89A9,SRC-INTD-SPECIALIZED-RARE-870DE
UNI-INTERDISCIPLINARY,STR-INTD-EDUCATIONAL-DATA-515AC,CAR-INTD-EDUCATIONAL-DATA-515AC,SRC-INTD-CAREER-MASTER-40-44709
UNI-INTERDISCIPLINARY,STR-INTD-EDUCATIONAL-TECH-16758,CAR-INTD-EDUCATIONAL-TECH-16758,SRC-INTD-CAREER-MASTER-25-75B23
UNI-INTERDISCIPLINARY,STR-INTD-EDUCATIONAL-TECH-86929,CAR-INTD-EDUCATIONAL-TECH-86929,SRC-INTD-INTERDISCIPLINAR-D2E66
UNI-INTERDISCIPLINARY,STR-INTD-ENVIRONMENTAL-JU-D0B69,CAR-INTD-ENVIRONMENTAL-JU-D0B69,SRC-INTD-COMMUNITY-TRIBAL-31AA3
UNI-INTERDISCIPLINARY,STR-INTD-ESG-SUSTAINABILI-97845,CAR-INTD-ESG-SUSTAINABILI-97845,SRC-INTD-CAREER-MASTER-17-E847E
UNI-INTERDISCIPLINARY,STR-INTD-ESG-SUSTAINABILI-DD113,CAR-INTD-ESG-SUSTAINABILI-DD113,SRC-INTD-INTERDISCIPLINAR-F7713
UNI-INTERDISCIPLINARY,STR-INTD-ETHICS-PUBLIC-LI-7D6A9,CAR-INTD-ETHICS-PUBLIC-LI-7D6A9,SRC-INTD-SPECIALIZED-RARE-A58AB
UNI-INTERDISCIPLINARY,STR-INTD-ETHNOBOTANY-INDI-92169,CAR-INTD-ETHNOBOTANY-INDI-92169,SRC-INTD-COMMUNITY-TRIBAL-F7D9E
UNI-INTERDISCIPLINARY,STR-INTD-FASHION-BUSINESS-1DBAE,CAR-INTD-FASHION-BUSINESS-1DBAE,SRC-INTD-DESIGN-BUSINESS-F2FC3
UNI-INTERDISCIPLINARY,STR-INTD-FASHION-TECHNOLO-74732,CAR-INTD-FASHION-TECHNOLO-74732,SRC-INTD-CAREER-MASTER-32-F8212
UNI-INTERDISCIPLINARY,STR-INTD-FILM-MEDIA-BUSIN-B3F98,CAR-INTD-FILM-MEDIA-BUSIN-B3F98,SRC-INTD-CAREER-MASTER-33-F92C9
UNI-INTERDISCIPLINARY,STR-INTD-FILM-STUDIES-CIN-8302E,CAR-INTD-FILM-STUDIES-CIN-8302E,SRC-INTD-SPECIALIZED-RARE-7D6DB
UNI-INTERDISCIPLINARY,STR-INTD-FINANCIAL-ANALYT-54A38,CAR-INTD-FINANCIAL-ANALYT-54A38,SRC-INTD-INTERDISCIPLINAR-03FC9
UNI-INTERDISCIPLINARY,STR-INTD-FINANCIAL-ANALYT-E6977,CAR-INTD-FINANCIAL-ANALYT-E6977,SRC-INTD-COMMERCE-ANALYTI-AA84B
UNI-INTERDISCIPLINARY,STR-INTD-FINTECH-PRODUCT-64486,CAR-INTD-FINTECH-PRODUCT-64486,SRC-INTD-COMMERCE-ANALYTI-6B369
UNI-INTERDISCIPLINARY,STR-INTD-FOLK-CULTURE-STU-77AF5,CAR-INTD-FOLK-CULTURE-STU-77AF5,SRC-INTD-SPECIALIZED-RARE-08EE8
UNI-INTERDISCIPLINARY,STR-INTD-FOOD-STUDIES-FOO-0278B,CAR-INTD-FOOD-STUDIES-FOO-0278B,SRC-INTD-SPECIALIZED-RARE-7B37F
UNI-INTERDISCIPLINARY,STR-INTD-FOOD-SUPPLY-CHAI-D0CF6,CAR-INTD-FOOD-SUPPLY-CHAI-D0CF6,SRC-INTD-AGRICULTURE-SUST-E4A38
UNI-INTERDISCIPLINARY,STR-INTD-FOOD-TECHNOLOGY-02816,CAR-INTD-FOOD-TECHNOLOGY-02816,SRC-INTD-CAREER-MASTER-19-DB325
UNI-INTERDISCIPLINARY,STR-INTD-FOREST-PRODUCE-N-0966A,CAR-INTD-FOREST-PRODUCE-N-0966A,SRC-INTD-COMMUNITY-TRIBAL-6366B
UNI-INTERDISCIPLINARY,STR-INTD-FOREST-RIGHTS-CO-BBFA5,CAR-INTD-FOREST-RIGHTS-CO-BBFA5,SRC-INTD-COMMUNITY-TRIBAL-546E8
UNI-INTERDISCIPLINARY,STR-INTD-GAME-STUDIES-INT-7B52E,CAR-INTD-GAME-STUDIES-INT-7B52E,SRC-INTD-SPECIALIZED-RARE-9699B
UNI-INTERDISCIPLINARY,STR-INTD-GENDER-SEXUALITY-6976F,CAR-INTD-GENDER-SEXUALITY-6976F,SRC-INTD-SPECIALIZED-RARE-2BC1C
UNI-INTERDISCIPLINARY,STR-INTD-GENDER-STUDIES-CA8F8,CAR-INTD-GENDER-STUDIES-CA8F8,SRC-INTD-SPECIALIZED-RARE-6F26B
UNI-INTERDISCIPLINARY,STR-INTD-GENDER-TRIBAL-WO-A5BD7,CAR-INTD-GENDER-TRIBAL-WO-A5BD7,SRC-INTD-COMMUNITY-TRIBAL-14758
UNI-INTERDISCIPLINARY,STR-INTD-GEOAI-ANALYST-642FA,CAR-INTD-GEOAI-ANALYST-642FA,SRC-INTD-EMERGING-FRONTIE-D4049
UNI-INTERDISCIPLINARY,STR-INTD-GEOAI-GEOSPATIAL-70952,CAR-INTD-GEOAI-GEOSPATIAL-70952,SRC-INTD-CAREER-MASTER-20-3DF81
UNI-INTERDISCIPLINARY,STR-INTD-GONDWANA-REGION-515D7,CAR-INTD-GONDWANA-REGION-515D7,SRC-INTD-COMMUNITY-TRIBAL-B1564
UNI-INTERDISCIPLINARY,STR-INTD-HANDLOOM-HANDICR-0D035,CAR-INTD-HANDLOOM-HANDICR-0D035,SRC-INTD-COMMUNITY-TRIBAL-6DDFA
UNI-INTERDISCIPLINARY,STR-INTD-HEALTH-DATA-DASH-4E7E3,CAR-INTD-HEALTH-DATA-DASH-4E7E3,SRC-INTD-INTERDISCIPLINAR-85260
UNI-INTERDISCIPLINARY,STR-INTD-HEALTH-INFORMATI-0F866,CAR-INTD-HEALTH-INFORMATI-0F866,SRC-INTD-HEALTHCARE-ANALY-DDD2A
UNI-INTERDISCIPLINARY,STR-INTD-HERITAGE-EXPERIE-3CF45,CAR-INTD-HERITAGE-EXPERIE-3CF45,SRC-INTD-INTERDISCIPLINAR-2BCDB
UNI-INTERDISCIPLINARY,STR-INTD-HERITAGE-EXPERIE-EE13D,CAR-INTD-HERITAGE-EXPERIE-EE13D,SRC-INTD-HUMANITIES-TECHN-F884C
UNI-INTERDISCIPLINARY,STR-INTD-HERITAGE-STUDIES-F5EBD,CAR-INTD-HERITAGE-STUDIES-F5EBD,SRC-INTD-SPECIALIZED-RARE-083E5
UNI-INTERDISCIPLINARY,STR-INTD-HIMALAYAN-STUDIE-F78FB,CAR-INTD-HIMALAYAN-STUDIE-F78FB,SRC-INTD-SPECIALIZED-RARE-AB7F5
UNI-INTERDISCIPLINARY,STR-INTD-HOSPITAL-ANALYTI-C441F,CAR-INTD-HOSPITAL-ANALYTI-C441F,SRC-INTD-HEALTHCARE-ANALY-B9E89
UNI-INTERDISCIPLINARY,STR-INTD-HUMAN-AI-COLLABO-59B2A,CAR-INTD-HUMAN-AI-COLLABO-59B2A,SRC-INTD-EMERGING-FRONTIE-24C75
UNI-INTERDISCIPLINARY,STR-INTD-HUMAN-AI-INTERAC-22708,CAR-INTD-HUMAN-AI-INTERAC-22708,SRC-INTD-PSYCHOLOGY-BUSIN-35B2B
UNI-INTERDISCIPLINARY,STR-INTD-HUMAN-COMPUTER-I-BC1E8,CAR-INTD-HUMAN-COMPUTER-I-BC1E8,SRC-INTD-SPECIALIZED-RARE-520E2
UNI-INTERDISCIPLINARY,STR-INTD-HUMAN-FACTORS-ER-DA92F,CAR-INTD-HUMAN-FACTORS-ER-DA92F,SRC-INTD-CAREER-MASTER-34-5C81F
UNI-INTERDISCIPLINARY,STR-INTD-HUMAN-RIGHTS-STU-DA7C2,CAR-INTD-HUMAN-RIGHTS-STU-DA7C2,SRC-INTD-SPECIALIZED-RARE-5356E
UNI-INTERDISCIPLINARY,STR-INTD-INCLUSIVE-EDUCAT-64D6B,CAR-INTD-INCLUSIVE-EDUCAT-64D6B,SRC-INTD-COMMUNITY-TRIBAL-52986
UNI-INTERDISCIPLINARY,STR-INTD-INCLUSIVE-URBAN-8E057,CAR-INTD-INCLUSIVE-URBAN-8E057,SRC-INTD-COMMUNITY-TRIBAL-32AE2
UNI-INTERDISCIPLINARY,STR-INTD-INDIC-KNOWLEDGE-47EC6,CAR-INTD-INDIC-KNOWLEDGE-47EC6,SRC-INTD-SPECIALIZED-RARE-7F847
UNI-INTERDISCIPLINARY,STR-INTD-INDIGENOUS-AGRIC-076CB,CAR-INTD-INDIGENOUS-AGRIC-076CB,SRC-INTD-COMMUNITY-TRIBAL-B59F0
UNI-INTERDISCIPLINARY,STR-INTD-INDIGENOUS-FOOD-2336B,CAR-INTD-INDIGENOUS-FOOD-2336B,SRC-INTD-COMMUNITY-TRIBAL-BFC9F
UNI-INTERDISCIPLINARY,STR-INTD-INDIGENOUS-KNOWL-63C06,CAR-INTD-INDIGENOUS-KNOWL-63C06,SRC-INTD-COMMUNITY-TRIBAL-D5FAD
UNI-INTERDISCIPLINARY,STR-INTD-KNOWLEDGE-CULTUR-17CAA,CAR-INTD-KNOWLEDGE-CULTUR-17CAA,SRC-INTD-SPECIALIZED-RARE-00D68
UNI-INTERDISCIPLINARY,STR-INTD-LEGAL-ANTHROPOLO-F2162,CAR-INTD-LEGAL-ANTHROPOLO-F2162,SRC-INTD-SPECIALIZED-RARE-D4AD2
UNI-INTERDISCIPLINARY,STR-INTD-LEGAL-DATA-ANALY-3375F,CAR-INTD-LEGAL-DATA-ANALY-3375F,SRC-INTD-CAREER-MASTER-39-1CAC8
UNI-INTERDISCIPLINARY,STR-INTD-LEGAL-DESIGN-CON-95FDF,CAR-INTD-LEGAL-DESIGN-CON-95FDF,SRC-INTD-DESIGN-BUSINESS-17949
UNI-INTERDISCIPLINARY,STR-INTD-LEGAL-TECH-PRODU-90ECB,CAR-INTD-LEGAL-TECH-PRODU-90ECB,SRC-INTD-LAW-TECHNOLOGY-G-1997C
UNI-INTERDISCIPLINARY,STR-INTD-LIBRARY-INFORMAT-3B3B2,CAR-INTD-LIBRARY-INFORMAT-3B3B2,SRC-INTD-SPECIALIZED-RARE-DA96F
UNI-INTERDISCIPLINARY,STR-INTD-LIVELIHOOD-MISSI-C28BC,CAR-INTD-LIVELIHOOD-MISSI-C28BC,SRC-INTD-COMMUNITY-TRIBAL-9FFB1
UNI-INTERDISCIPLINARY,STR-INTD-MARITIME-STUDIES-3F83E,CAR-INTD-MARITIME-STUDIES-3F83E,SRC-INTD-SPECIALIZED-RARE-A6A67
UNI-INTERDISCIPLINARY,STR-INTD-MASCULINITY-STUD-9E4F5,CAR-INTD-MASCULINITY-STUD-9E4F5,SRC-INTD-SPECIALIZED-RARE-F7824
UNI-INTERDISCIPLINARY,STR-INTD-MEDIA-CULTURAL-S-24523,CAR-INTD-MEDIA-CULTURAL-S-24523,SRC-INTD-SPECIALIZED-RARE-9EE79
UNI-INTERDISCIPLINARY,STR-INTD-MEDICAL-HUMANITI-608E4,CAR-INTD-MEDICAL-HUMANITI-608E4,SRC-INTD-SPECIALIZED-RARE-523C6
UNI-INTERDISCIPLINARY,STR-INTD-MEDTECH-OPERATIO-E268B,CAR-INTD-MEDTECH-OPERATIO-E268B,SRC-INTD-CAREER-MASTER-22-49502
UNI-INTERDISCIPLINARY,STR-INTD-MICROFINANCE-FIN-6A34B,CAR-INTD-MICROFINANCE-FIN-6A34B,SRC-INTD-COMMUNITY-TRIBAL-DEE83
UNI-INTERDISCIPLINARY,STR-INTD-MIGRATION-DIASPO-095AB,CAR-INTD-MIGRATION-DIASPO-095AB,SRC-INTD-SPECIALIZED-RARE-E55DF
UNI-INTERDISCIPLINARY,STR-INTD-MIGRATION-LABOUR-877D6,CAR-INTD-MIGRATION-LABOUR-877D6,SRC-INTD-COMMUNITY-TRIBAL-92D6E
UNI-INTERDISCIPLINARY,STR-INTD-MUSEUM-HERITAGE-17A28,CAR-INTD-MUSEUM-HERITAGE-17A28,SRC-INTD-CAREER-MASTER-24-057E6
UNI-INTERDISCIPLINARY,STR-INTD-MUSEUM-STUDIES-M-EC1A0,CAR-INTD-MUSEUM-STUDIES-M-EC1A0,SRC-INTD-SPECIALIZED-RARE-6F074
UNI-INTERDISCIPLINARY,STR-INTD-NEUROMARKETING-A-841A7,CAR-INTD-NEUROMARKETING-A-841A7,SRC-INTD-PSYCHOLOGY-BUSIN-C4132
UNI-INTERDISCIPLINARY,STR-INTD-NEUROMARKETING-R-A4A26,CAR-INTD-NEUROMARKETING-R-A4A26,SRC-INTD-CAREER-MASTER-13-385ED
UNI-INTERDISCIPLINARY,STR-INTD-NO-CODE-BUSINESS-5EE59,CAR-INTD-NO-CODE-BUSINESS-5EE59,SRC-INTD-DESIGN-BUSINESS-6296B
UNI-INTERDISCIPLINARY,STR-INTD-PARTICIPATORY-RU-A7478,CAR-INTD-PARTICIPATORY-RU-A7478,SRC-INTD-COMMUNITY-TRIBAL-70DF0
UNI-INTERDISCIPLINARY,STR-INTD-PEACE-CONFLICT-S-3FECB,CAR-INTD-PEACE-CONFLICT-S-3FECB,SRC-INTD-SPECIALIZED-RARE-3274F
UNI-INTERDISCIPLINARY,STR-INTD-PEOPLE-ANALYTICS-6FABB,CAR-INTD-PEOPLE-ANALYTICS-6FABB,SRC-INTD-PSYCHOLOGY-BUSIN-E4A37
UNI-INTERDISCIPLINARY,STR-INTD-PERFORMANCE-STUD-32D77,CAR-INTD-PERFORMANCE-STUD-32D77,SRC-INTD-SPECIALIZED-RARE-D1797
UNI-INTERDISCIPLINARY,STR-INTD-PESA-PANCHAYAT-L-01E5E,CAR-INTD-PESA-PANCHAYAT-L-01E5E,SRC-INTD-COMMUNITY-TRIBAL-76BA6
UNI-INTERDISCIPLINARY,STR-INTD-PHARMA-MANAGEMEN-7B4D9,CAR-INTD-PHARMA-MANAGEMEN-7B4D9,SRC-INTD-CAREER-MASTER-31-7AF4C
UNI-INTERDISCIPLINARY,STR-INTD-PHARMA-MARKET-AC-7E865,CAR-INTD-PHARMA-MARKET-AC-7E865,SRC-INTD-HEALTHCARE-ANALY-6E697
UNI-INTERDISCIPLINARY,STR-INTD-PHILOSOPHY-POLIT-8B9DF,CAR-INTD-PHILOSOPHY-POLIT-8B9DF,SRC-INTD-SPECIALIZED-RARE-68D68
UNI-INTERDISCIPLINARY,STR-INTD-POLICY-ANALYST-F471F,CAR-INTD-POLICY-ANALYST-F471F,SRC-INTD-PUBLIC-POLICY-EC-7E603
UNI-INTERDISCIPLINARY,STR-INTD-POLICY-RESEARCH-9347F,CAR-INTD-POLICY-RESEARCH-9347F,SRC-INTD-INTERDISCIPLINAR-F321C
UNI-INTERDISCIPLINARY,STR-INTD-PRECISION-FARMIN-28EB3,CAR-INTD-PRECISION-FARMIN-28EB3,SRC-INTD-AGRICULTURE-SUST-10F0A
UNI-INTERDISCIPLINARY,STR-INTD-PRODUCT-EXPERIEN-B30E0,CAR-INTD-PRODUCT-EXPERIEN-B30E0,SRC-INTD-DESIGN-BUSINESS-08635
UNI-INTERDISCIPLINARY,STR-INTD-PUBLIC-HEALTH-DA-21BC7,CAR-INTD-PUBLIC-HEALTH-DA-21BC7,SRC-INTD-HEALTHCARE-ANALY-F853F
UNI-INTERDISCIPLINARY,STR-INTD-PUBLIC-POLICY-AN-042DD,CAR-INTD-PUBLIC-POLICY-AN-042DD,SRC-INTD-CAREER-MASTER-8-EE27D
UNI-INTERDISCIPLINARY,STR-INTD-REGTECH-ANALYST-BCF9F,CAR-INTD-REGTECH-ANALYST-BCF9F,SRC-INTD-LAW-TECHNOLOGY-G-E678D
UNI-INTERDISCIPLINARY,STR-INTD-RISK-ANALYTICS-A-17718,CAR-INTD-RISK-ANALYTICS-A-17718,SRC-INTD-COMMERCE-ANALYTI-AB3D5
UNI-INTERDISCIPLINARY,STR-INTD-RURAL-DIGITAL-IN-DD1DA,CAR-INTD-RURAL-DIGITAL-IN-DD1DA,SRC-INTD-COMMUNITY-TRIBAL-92868
UNI-INTERDISCIPLINARY,STR-INTD-RURAL-INNOVATION-68A97,CAR-INTD-RURAL-INNOVATION-68A97,SRC-INTD-CAREER-MASTER-30-6EB12
UNI-INTERDISCIPLINARY,STR-INTD-RURAL-INNOVATION-A97E1,CAR-INTD-RURAL-INNOVATION-A97E1,SRC-INTD-INTERDISCIPLINAR-32E22
UNI-INTERDISCIPLINARY,STR-INTD-RURAL-WATER-SANI-0E758,CAR-INTD-RURAL-WATER-SANI-0E758,SRC-INTD-COMMUNITY-TRIBAL-40D3E
UNI-INTERDISCIPLINARY,STR-INTD-SANSKRIT-COMPUTA-61220,CAR-INTD-SANSKRIT-COMPUTA-61220,SRC-INTD-SPECIALIZED-RARE-00253
UNI-INTERDISCIPLINARY,STR-INTD-SCIENCE-COMMUNIC-42381,CAR-INTD-SCIENCE-COMMUNIC-42381,SRC-INTD-INTERDISCIPLINAR-15560
UNI-INTERDISCIPLINARY,STR-INTD-SCIENCE-COMMUNIC-52D95,CAR-INTD-SCIENCE-COMMUNIC-52D95,SRC-INTD-MEDIA-COMMUNICAT-4E400
UNI-INTERDISCIPLINARY,STR-INTD-SCIENCE-TECHNOLO-7ACCC,CAR-INTD-SCIENCE-TECHNOLO-7ACCC,SRC-INTD-SPECIALIZED-RARE-9630A
UNI-INTERDISCIPLINARY,STR-INTD-SERVICE-DESIGNER-109A6,CAR-INTD-SERVICE-DESIGNER-109A6,SRC-INTD-DESIGN-BUSINESS-193B0
UNI-INTERDISCIPLINARY,STR-INTD-SOCIAL-EXCLUSION-343B4,CAR-INTD-SOCIAL-EXCLUSION-343B4,SRC-INTD-COMMUNITY-TRIBAL-AB611
UNI-INTERDISCIPLINARY,STR-INTD-SOCIAL-EXCLUSION-74ACF,CAR-INTD-SOCIAL-EXCLUSION-74ACF,SRC-INTD-SPECIALIZED-RARE-EB4E2
UNI-INTERDISCIPLINARY,STR-INTD-SOCIAL-IMPACT-ME-016F6,CAR-INTD-SOCIAL-IMPACT-ME-016F6,SRC-INTD-PUBLIC-POLICY-EC-977E9
UNI-INTERDISCIPLINARY,STR-INTD-SPACE-POLICY-BUS-F391A,CAR-INTD-SPACE-POLICY-BUS-F391A,SRC-INTD-EMERGING-FRONTIE-63428
UNI-INTERDISCIPLINARY,STR-INTD-SPACE-POLICY-SPA-1BFF3,CAR-INTD-SPACE-POLICY-SPA-1BFF3,SRC-INTD-SPECIALIZED-RARE-875E3
UNI-INTERDISCIPLINARY,STR-INTD-SPORTS-ANALYTICS-7CADD,CAR-INTD-SPORTS-ANALYTICS-7CADD,SRC-INTD-CAREER-MASTER-28-7ED33
UNI-INTERDISCIPLINARY,STR-INTD-TRANSLATION-STUD-C3CE2,CAR-INTD-TRANSLATION-STUD-C3CE2,SRC-INTD-SPECIALIZED-RARE-E275D
UNI-INTERDISCIPLINARY,STR-INTD-TRIBAL-ART-PERFO-77909,CAR-INTD-TRIBAL-ART-PERFO-77909,SRC-INTD-COMMUNITY-TRIBAL-962F8
UNI-INTERDISCIPLINARY,STR-INTD-TRIBAL-ENTREPREN-F39B2,CAR-INTD-TRIBAL-ENTREPREN-F39B2,SRC-INTD-COMMUNITY-TRIBAL-18BF5
UNI-INTERDISCIPLINARY,STR-INTD-TRIBAL-HIGHER-ED-A5CA0,CAR-INTD-TRIBAL-HIGHER-ED-A5CA0,SRC-INTD-COMMUNITY-TRIBAL-44AE1
UNI-INTERDISCIPLINARY,STR-INTD-TRIBAL-LANGUAGE-5ECAB,CAR-INTD-TRIBAL-LANGUAGE-5ECAB,SRC-INTD-COMMUNITY-TRIBAL-05CF4
UNI-INTERDISCIPLINARY,STR-INTD-TRIBAL-LEGAL-AID-ACB70,CAR-INTD-TRIBAL-LEGAL-AID-ACB70,SRC-INTD-COMMUNITY-TRIBAL-2DA63
UNI-INTERDISCIPLINARY,STR-INTD-TRIBAL-MUSEUM-HE-05233,CAR-INTD-TRIBAL-MUSEUM-HE-05233,SRC-INTD-COMMUNITY-TRIBAL-36815
UNI-INTERDISCIPLINARY,STR-INTD-TRIBAL-STUDIES-I-9C9C3,CAR-INTD-TRIBAL-STUDIES-I-9C9C3,SRC-INTD-SPECIALIZED-RARE-6AD5E
UNI-INTERDISCIPLINARY,STR-INTD-TRIBAL-STUDIES-I-C6E5A,CAR-INTD-TRIBAL-STUDIES-I-C6E5A,SRC-INTD-COMMUNITY-TRIBAL-C1B8A
UNI-INTERDISCIPLINARY,STR-INTD-TRIBAL-TOURISM-E-D9633,CAR-INTD-TRIBAL-TOURISM-E-D9633,SRC-INTD-COMMUNITY-TRIBAL-4B91B
UNI-INTERDISCIPLINARY,STR-INTD-URBAN-GOVERNANCE-0F88C,CAR-INTD-URBAN-GOVERNANCE-0F88C,SRC-INTD-PUBLIC-POLICY-EC-1A81C
UNI-INTERDISCIPLINARY,STR-INTD-URBAN-PLANNER-SM-A0182,CAR-INTD-URBAN-PLANNER-SM-A0182,SRC-INTD-CAREER-MASTER-21-AD84A
UNI-INTERDISCIPLINARY,STR-INTD-URBAN-STUDIES-UR-F56A7,CAR-INTD-URBAN-STUDIES-UR-F56A7,SRC-INTD-SPECIALIZED-RARE-5FA01
UNI-INTERDISCIPLINARY,STR-INTD-UX-RESEARCH-CONS-A898E,CAR-INTD-UX-RESEARCH-CONS-A898E,SRC-INTD-INTERDISCIPLINAR-FBAB9
UNI-INTERDISCIPLINARY,STR-INTD-UX-RESEARCHER-E5F06,CAR-INTD-UX-RESEARCHER-E5F06,SRC-INTD-PSYCHOLOGY-BUSIN-9BA81
UNI-INTERDISCIPLINARY,STR-INTD-VISUAL-CULTURE-S-348F2,CAR-INTD-VISUAL-CULTURE-S-348F2,SRC-INTD-SPECIALIZED-RARE-CCB71
UNI-INTERDISCIPLINARY,STR-INTD-WATER-POLICY-WAT-53B29,CAR-INTD-WATER-POLICY-WAT-53B29,SRC-INTD-SPECIALIZED-RARE-B5FD1
UNI-INTERDISCIPLINARY,STR-INTD-WATER-RESOURCE-M-890AF,CAR-INTD-WATER-RESOURCE-M-890AF,SRC-INTD-AGRICULTURE-SUST-C476B
UNI-INTERDISCIPLINARY,STR-INTD-WATER-RESOURCE-M-B7C26,CAR-INTD-WATER-RESOURCE-M-B7C26,SRC-INTD-CAREER-MASTER-35-A7913
UNI-INTERDISCIPLINARY,STR-INTD-WOMEN-S-STUDIES-3EE8B,CAR-INTD-WOMEN-S-STUDIES-3EE8B,SRC-INTD-SPECIALIZED-RARE-BF233
UNI-LAW,STR-LAW-ADVOCATE-LITIGATO-551E4,CAR-LAW-ADVOCATE-LITIGATO-551E4,SRC-LAW-CAREER-MASTER-3-A9AF2
UNI-LAW,STR-LAW-AI-COURTROOM-INTE-8B93B,CAR-LAW-AI-COURTROOM-INTE-8B93B,SRC-LAW-EMERGING-NICHE-IN-63974
UNI-LAW,STR-LAW-AI-ETHICS-AUDITOR-4A84F,CAR-LAW-AI-ETHICS-AUDITOR-4A84F,SRC-LAW-EMERGING-NICHE-IN-C559B
UNI-LAW,STR-LAW-AI-GOVERNANCE-AI-EA39D,CAR-LAW-AI-GOVERNANCE-AI-EA39D,SRC-LAW-CAREER-MASTER-17-4DFF8
UNI-LAW,STR-LAW-AI-GOVERNANCE-DOC-D1D81,CAR-LAW-AI-GOVERNANCE-DOC-D1D81,SRC-LAW-LAW-DIGITAL-ECONO-123AF
UNI-LAW,STR-LAW-ALGORITHM-ACCOUNT-9B0EF,CAR-LAW-ALGORITHM-ACCOUNT-9B0EF,SRC-LAW-EMERGING-NICHE-IN-10E23
UNI-LAW,STR-LAW-ALTERNATIVE-LEGAL-CDDD2,CAR-LAW-ALTERNATIVE-LEGAL-CDDD2,SRC-LAW-CAREER-MASTER-86-3049A
UNI-LAW,STR-LAW-ARBITRATION-COUNS-E82ED,CAR-LAW-ARBITRATION-COUNS-E82ED,SRC-LAW-CAREER-MASTER-10-2F228
UNI-LAW,STR-LAW-ART-ANTIQUITIES-D-728F2,CAR-LAW-ART-ANTIQUITIES-D-728F2,SRC-LAW-EMERGING-NICHE-IN-639E2
UNI-LAW,STR-LAW-AUTONOMOUS-VEHICL-3812E,CAR-LAW-AUTONOMOUS-VEHICL-3812E,SRC-LAW-EMERGING-NICHE-IN-7396A
UNI-LAW,STR-LAW-AVIATION-LAWYER-89304,CAR-LAW-AVIATION-LAWYER-89304,SRC-LAW-CAREER-MASTER-81-4442D
UNI-LAW,STR-LAW-BANKING-FINANCE-L-C649D,CAR-LAW-BANKING-FINANCE-L-C649D,SRC-LAW-CAREER-MASTER-39-7B981
UNI-LAW,STR-LAW-BIOETHICS-MEDICAL-5659B,CAR-LAW-BIOETHICS-MEDICAL-5659B,SRC-LAW-EMERGING-NICHE-IN-3F5CC
UNI-LAW,STR-LAW-CHILD-ONLINE-SAFE-FA490,CAR-LAW-CHILD-ONLINE-SAFE-FA490,SRC-LAW-EMERGING-NICHE-IN-69FB7
UNI-LAW,STR-LAW-CHILD-RIGHTS-SUPP-B906E,CAR-LAW-CHILD-RIGHTS-SUPP-B906E,SRC-LAW-LAW-COUNSELLING-4-9B3DF
UNI-LAW,STR-LAW-CIVIL-SERVICES-WI-D47F7,CAR-LAW-CIVIL-SERVICES-WI-D47F7,SRC-LAW-CAREER-MASTER-37-0AE0D
UNI-LAW,STR-LAW-CLAT-MENTOR-CCC87,CAR-LAW-CLAT-MENTOR-CCC87,SRC-LAW-LAW-EDUCATION-2-61793
UNI-LAW,STR-LAW-COMMUNITY-LEGAL-L-7C4EE,CAR-LAW-COMMUNITY-LEGAL-L-7C4EE,SRC-LAW-LAW-COUNSELLING-5-2B54D
UNI-LAW,STR-LAW-COMPANY-SECRETARY-FDAF4,CAR-LAW-COMPANY-SECRETARY-FDAF4,SRC-LAW-CAREER-MASTER-13-EFE20
UNI-LAW,STR-LAW-COMPETITION-LAW-L-0F0F0,CAR-LAW-COMPETITION-LAW-L-0F0F0,SRC-LAW-CAREER-MASTER-46-CF96B
UNI-LAW,STR-LAW-COMPLIANCE-FILING-1689B,CAR-LAW-COMPLIANCE-FILING-1689B,SRC-LAW-LEGAL-MICRO-ENTRE-0FC00
UNI-LAW,STR-LAW-COMPLIANCE-OFFICE-E49D4,CAR-LAW-COMPLIANCE-OFFICE-E49D4,SRC-LAW-CAREER-MASTER-14-E87AB
UNI-LAW,STR-LAW-CONSTITUTIONAL-LI-EDB55,CAR-LAW-CONSTITUTIONAL-LI-EDB55,SRC-LAW-EMERGING-NICHE-IN-03ABD
UNI-LAW,STR-LAW-CONSUMER-PROTECTI-9E20C,CAR-LAW-CONSUMER-PROTECTI-9E20C,SRC-LAW-CAREER-MASTER-47-238F8
UNI-LAW,STR-LAW-CONTRACT-LIFECYCL-F4712,CAR-LAW-CONTRACT-LIFECYCL-F4712,SRC-LAW-CAREER-MASTER-19-50D3F
UNI-LAW,STR-LAW-CORPORATE-LAWYER-078AA,CAR-LAW-CORPORATE-LAWYER-078AA,SRC-LAW-CAREER-MASTER-4-16FA6
UNI-LAW,STR-LAW-COURT-REPORTER-LE-B7FAA,CAR-LAW-COURT-REPORTER-LE-B7FAA,SRC-LAW-CAREER-MASTER-56-479A7
UNI-LAW,STR-LAW-COURT-TRIBUNAL-AD-C35B7,CAR-LAW-COURT-TRIBUNAL-AD-C35B7,SRC-LAW-CAREER-MASTER-74-7B3D7
UNI-LAW,STR-LAW-CRIMINOLOGIST-CRI-0CEA4,CAR-LAW-CRIMINOLOGIST-CRI-0CEA4,SRC-LAW-CAREER-MASTER-34-173C2
UNI-LAW,STR-LAW-CROSS-BORDER-DIGI-35D31,CAR-LAW-CROSS-BORDER-DIGI-35D31,SRC-LAW-EMERGING-NICHE-IN-3BE74
UNI-LAW,STR-LAW-CSR-IMPACT-COMPLI-27E4A,CAR-LAW-CSR-IMPACT-COMPLI-27E4A,SRC-LAW-CAREER-MASTER-72-FBE16
UNI-LAW,STR-LAW-CULTURAL-RIGHTS-R-4BC15,CAR-LAW-CULTURAL-RIGHTS-R-4BC15,SRC-LAW-EMERGING-NICHE-IN-D6D17
UNI-LAW,STR-LAW-CYBER-LAW-SPECIAL-259C4,CAR-LAW-CYBER-LAW-SPECIAL-259C4,SRC-LAW-CAREER-MASTER-16-1E4D0
UNI-LAW,STR-LAW-DATA-PROTECTION-O-8F420,CAR-LAW-DATA-PROTECTION-O-8F420,SRC-LAW-CAREER-MASTER-15-AEC8B
UNI-LAW,STR-LAW-DEFENCE-SERVICES-D4D08,CAR-LAW-DEFENCE-SERVICES-D4D08,SRC-LAW-CAREER-MASTER-90-76B64
UNI-LAW,STR-LAW-DIGITAL-EVIDENCE-10BB7,CAR-LAW-DIGITAL-EVIDENCE-10BB7,SRC-LAW-CAREER-MASTER-61-81BEE
UNI-LAW,STR-LAW-DIGITAL-EVIDENCE-EAFA0,CAR-LAW-DIGITAL-EVIDENCE-EAFA0,SRC-LAW-EMERGING-NICHE-IN-76AAC
UNI-LAW,STR-LAW-DIGITAL-PRIVACY-C-B6C58,CAR-LAW-DIGITAL-PRIVACY-C-B6C58,SRC-LAW-LAW-DIGITAL-ECONO-5DD00
UNI-LAW,STR-LAW-DIGITAL-PUBLIC-IN-C20C3,CAR-LAW-DIGITAL-PUBLIC-IN-C20C3,SRC-LAW-CAREER-MASTER-83-F06CF
UNI-LAW,STR-LAW-DIVORCE-TRANSITIO-C7FEA,CAR-LAW-DIVORCE-TRANSITIO-C7FEA,SRC-LAW-EMERGING-NICHE-IN-7D53D
UNI-LAW,STR-LAW-DRONE-REGULATION-FF835,CAR-LAW-DRONE-REGULATION-FF835,SRC-LAW-EMERGING-NICHE-IN-70B18
UNI-LAW,STR-LAW-E-DISCOVERY-DOCUM-E88C3,CAR-LAW-E-DISCOVERY-DOCUM-E88C3,SRC-LAW-CAREER-MASTER-21-7921D
UNI-LAW,STR-LAW-EDUCATION-LAW-SPE-E7C79,CAR-LAW-EDUCATION-LAW-SPE-E7C79,SRC-LAW-CAREER-MASTER-70-FF608
UNI-LAW,STR-LAW-ELDER-RIGHTS-ADVI-851B9,CAR-LAW-ELDER-RIGHTS-ADVI-851B9,SRC-LAW-EMERGING-NICHE-IN-49FA3
UNI-LAW,STR-LAW-ELECTION-PROCESS-2C1B2,CAR-LAW-ELECTION-PROCESS-2C1B2,SRC-LAW-EMERGING-NICHE-IN-8CF3C
UNI-LAW,STR-LAW-ENERGY-LAWYER-04A2C,CAR-LAW-ENERGY-LAWYER-04A2C,SRC-LAW-CAREER-MASTER-51-31480
UNI-LAW,STR-LAW-ENVIRONMENTAL-IMP-65A48,CAR-LAW-ENVIRONMENTAL-IMP-65A48,SRC-LAW-EMERGING-NICHE-IN-B565E
UNI-LAW,STR-LAW-ENVIRONMENTAL-LAW-FBFB1,CAR-LAW-ENVIRONMENTAL-LAW-FBFB1,SRC-LAW-CAREER-MASTER-32-1B556
UNI-LAW,STR-LAW-FAMILY-LAWYER-79B77,CAR-LAW-FAMILY-LAWYER-79B77,SRC-LAW-CAREER-MASTER-48-67713
UNI-LAW,STR-LAW-FAMILY-MEDIATION-5C18F,CAR-LAW-FAMILY-MEDIATION-5C18F,SRC-LAW-LAW-COUNSELLING-2-442C3
UNI-LAW,STR-LAW-FINTECH-PAYMENTS-95746,CAR-LAW-FINTECH-PAYMENTS-95746,SRC-LAW-CAREER-MASTER-40-7B6CB
UNI-LAW,STR-LAW-FOOD-LAW-FSSAI-CO-640BE,CAR-LAW-FOOD-LAW-FSSAI-CO-640BE,SRC-LAW-CAREER-MASTER-78-06EF6
UNI-LAW,STR-LAW-FORENSIC-LEGAL-CO-0A05F,CAR-LAW-FORENSIC-LEGAL-CO-0A05F,SRC-LAW-CAREER-MASTER-33-A96FE
UNI-LAW,STR-LAW-FOREST-RIGHTS-FAC-BDE87,CAR-LAW-FOREST-RIGHTS-FAC-BDE87,SRC-LAW-EMERGING-NICHE-IN-DD7D2
UNI-LAW,STR-LAW-HEALTHCARE-LAWYER-62E0E,CAR-LAW-HEALTHCARE-LAWYER-62E0E,SRC-LAW-CAREER-MASTER-69-365A8
UNI-LAW,STR-LAW-HERITAGE-LAW-CONS-CE1D6,CAR-LAW-HERITAGE-LAW-CONS-CE1D6,SRC-LAW-EMERGING-NICHE-IN-1CCCB
UNI-LAW,STR-LAW-HOSPITAL-CONSENT-3CA72,CAR-LAW-HOSPITAL-CONSENT-3CA72,SRC-LAW-EMERGING-NICHE-IN-23F66
UNI-LAW,STR-LAW-HUMAN-RIGHTS-LAWY-F4B2E,CAR-LAW-HUMAN-RIGHTS-LAWY-F4B2E,SRC-LAW-CAREER-MASTER-31-8E02D
UNI-LAW,STR-LAW-IMMIGRATION-LAWYE-CB851,CAR-LAW-IMMIGRATION-LAWYE-CB851,SRC-LAW-CAREER-MASTER-30-EECAC
UNI-LAW,STR-LAW-IN-HOUSE-LEGAL-CO-1DCEF,CAR-LAW-IN-HOUSE-LEGAL-CO-1DCEF,SRC-LAW-CAREER-MASTER-12-C3428
UNI-LAW,STR-LAW-INFLUENCER-COMPLI-1C87A,CAR-LAW-INFLUENCER-COMPLI-1C87A,SRC-LAW-EMERGING-NICHE-IN-65E40
UNI-LAW,STR-LAW-INFLUENCER-CONTRA-547D6,CAR-LAW-INFLUENCER-CONTRA-547D6,SRC-LAW-LAW-DIGITAL-ECONO-DE643
UNI-LAW,STR-LAW-INFRASTRUCTURE-PR-02E01,CAR-LAW-INFRASTRUCTURE-PR-02E01,SRC-LAW-CAREER-MASTER-50-8B165
UNI-LAW,STR-LAW-INSOLVENCY-PROFES-B5C48,CAR-LAW-INSOLVENCY-PROFES-B5C48,SRC-LAW-CAREER-MASTER-43-E6754
UNI-LAW,STR-LAW-INSURANCE-LAWYER-D242F,CAR-LAW-INSURANCE-LAWYER-D242F,SRC-LAW-CAREER-MASTER-68-6B01B
UNI-LAW,STR-LAW-INTELLECTUAL-PROP-1F807,CAR-LAW-INTELLECTUAL-PROP-1F807,SRC-LAW-CAREER-MASTER-23-43415
UNI-LAW,STR-LAW-INTERNATIONAL-ORG-232DA,CAR-LAW-INTERNATIONAL-ORG-232DA,SRC-LAW-CAREER-MASTER-91-2362E
UNI-LAW,STR-LAW-INTERNATIONAL-TRA-22A86,CAR-LAW-INTERNATIONAL-TRA-22A86,SRC-LAW-CAREER-MASTER-29-369AD
UNI-LAW,STR-LAW-INVESTMENT-FUNDS-31403,CAR-LAW-INVESTMENT-FUNDS-31403,SRC-LAW-CAREER-MASTER-42-2A8F4
UNI-LAW,STR-LAW-JUDICIAL-OFFICER-C02AC,CAR-LAW-JUDICIAL-OFFICER-C02AC,SRC-LAW-CAREER-MASTER-5-2FD1B
UNI-LAW,STR-LAW-JUDICIARY-EXAM-TR-ED944,CAR-LAW-JUDICIARY-EXAM-TR-ED944,SRC-LAW-LAW-EDUCATION-3-E60B7
UNI-LAW,STR-LAW-LABOUR-EMPLOYMENT-EF16D,CAR-LAW-LABOUR-EMPLOYMENT-EF16D,SRC-LAW-CAREER-MASTER-52-9AD42
UNI-LAW,STR-LAW-LAW-CLERK-JUDICIA-FFD4F,CAR-LAW-LAW-CLERK-JUDICIA-FFD4F,SRC-LAW-CAREER-MASTER-9-14BCA
UNI-LAW,STR-LAW-LAW-FIRM-KNOWLEDG-F93D6,CAR-LAW-LAW-FIRM-KNOWLEDG-F93D6,SRC-LAW-CAREER-MASTER-63-9CAE9
UNI-LAW,STR-LAW-LEGAL-ACADEMIC-LA-DD514,CAR-LAW-LEGAL-ACADEMIC-LA-DD514,SRC-LAW-CAREER-MASTER-7-68F71
UNI-LAW,STR-LAW-LEGAL-AI-PROMPT-E-BCFE8,CAR-LAW-LEGAL-AI-PROMPT-E-BCFE8,SRC-LAW-CAREER-MASTER-64-5A06E
UNI-LAW,STR-LAW-LEGAL-AID-COORDIN-0E2E9,CAR-LAW-LEGAL-AID-COORDIN-0E2E9,SRC-LAW-CAREER-MASTER-58-C7196
UNI-LAW,STR-LAW-LEGAL-ARCHIVIST-C-E400B,CAR-LAW-LEGAL-ARCHIVIST-C-E400B,SRC-LAW-CAREER-MASTER-92-F696F
UNI-LAW,STR-LAW-LEGAL-AUDIOBOOK-P-FF6AC,CAR-LAW-LEGAL-AUDIOBOOK-P-FF6AC,SRC-LAW-EMERGING-NICHE-IN-7184B
UNI-LAW,STR-LAW-LEGAL-CONTENT-CRE-85698,CAR-LAW-LEGAL-CONTENT-CRE-85698,SRC-LAW-LAW-EDUCATION-4-D5302
UNI-LAW,STR-LAW-LEGAL-CONTENT-WRI-FE412,CAR-LAW-LEGAL-CONTENT-WRI-FE412,SRC-LAW-CAREER-MASTER-54-9FE7E
UNI-LAW,STR-LAW-LEGAL-CURRICULUM-DC217,CAR-LAW-LEGAL-CURRICULUM-DC217,SRC-LAW-LAW-EDUCATION-5-9F4D1
UNI-LAW,STR-LAW-LEGAL-DATA-ANALYS-47626,CAR-LAW-LEGAL-DATA-ANALYS-47626,SRC-LAW-CAREER-MASTER-65-26830
UNI-LAW,STR-LAW-LEGAL-DATA-VISUAL-02713,CAR-LAW-LEGAL-DATA-VISUAL-02713,SRC-LAW-EMERGING-NICHE-IN-67488
UNI-LAW,STR-LAW-LEGAL-DESIGN-LEGA-2EE84,CAR-LAW-LEGAL-DESIGN-LEGA-2EE84,SRC-LAW-CAREER-MASTER-59-1A16E
UNI-LAW,STR-LAW-LEGAL-DOCUMENTATI-FC27B,CAR-LAW-LEGAL-DOCUMENTATI-FC27B,SRC-LAW-LEGAL-MICRO-ENTRE-84755
UNI-LAW,STR-LAW-LEGAL-DRAFTING-CO-A501D,CAR-LAW-LEGAL-DRAFTING-CO-A501D,SRC-LAW-FLEXIBLE-LEGAL-LI-6B85F
UNI-LAW,STR-LAW-LEGAL-EDUCATION-C-99B36,CAR-LAW-LEGAL-EDUCATION-C-99B36,SRC-LAW-LEGAL-MICRO-ENTRE-C8894
UNI-LAW,STR-LAW-LEGAL-ENTREPRENEU-4064C,CAR-LAW-LEGAL-ENTREPRENEU-4064C,SRC-LAW-CAREER-MASTER-84-35763
UNI-LAW,STR-LAW-LEGAL-ETHICS-PROF-02814,CAR-LAW-LEGAL-ETHICS-PROF-02814,SRC-LAW-CAREER-MASTER-85-6AD42
UNI-LAW,STR-LAW-LEGAL-GAMIFICATIO-13C20,CAR-LAW-LEGAL-GAMIFICATIO-13C20,SRC-LAW-EMERGING-NICHE-IN-867FD
UNI-LAW,STR-LAW-LEGAL-JOURNALIST-4E371,CAR-LAW-LEGAL-JOURNALIST-4E371,SRC-LAW-CAREER-MASTER-53-4D3F3
UNI-LAW,STR-LAW-LEGAL-KNOWLEDGE-E-5B93D,CAR-LAW-LEGAL-KNOWLEDGE-E-5B93D,SRC-LAW-EMERGING-NICHE-IN-27C48
UNI-LAW,STR-LAW-LEGAL-METAVERSE-P-0B08C,CAR-LAW-LEGAL-METAVERSE-P-0B08C,SRC-LAW-EMERGING-NICHE-IN-9EDB2
UNI-LAW,STR-LAW-LEGAL-METROLOGY-P-9FF81,CAR-LAW-LEGAL-METROLOGY-P-9FF81,SRC-LAW-CAREER-MASTER-77-501BC
UNI-LAW,STR-LAW-LEGAL-OPERATIONS-C01D5,CAR-LAW-LEGAL-OPERATIONS-C01D5,SRC-LAW-CAREER-MASTER-20-AAA0C
UNI-LAW,STR-LAW-LEGAL-PROCESS-OUT-9F0E1,CAR-LAW-LEGAL-PROCESS-OUT-9F0E1,SRC-LAW-CAREER-MASTER-22-51FD3
UNI-LAW,STR-LAW-LEGAL-PROMPT-DESI-2B370,CAR-LAW-LEGAL-PROMPT-DESI-2B370,SRC-LAW-EMERGING-NICHE-IN-D6C1D
UNI-LAW,STR-LAW-LEGAL-PUBLISHER-L-8EFB8,CAR-LAW-LEGAL-PUBLISHER-L-8EFB8,SRC-LAW-CAREER-MASTER-55-A70E5
UNI-LAW,STR-LAW-LEGAL-RECRUITER-T-859FA,CAR-LAW-LEGAL-RECRUITER-T-859FA,SRC-LAW-CAREER-MASTER-73-6EB69
UNI-LAW,STR-LAW-LEGAL-RESEARCHER-928E3,CAR-LAW-LEGAL-RESEARCHER-928E3,SRC-LAW-CAREER-MASTER-8-37707
UNI-LAW,STR-LAW-LEGAL-RISK-CONSUL-E9CAE,CAR-LAW-LEGAL-RISK-CONSUL-E9CAE,SRC-LAW-CAREER-MASTER-67-87B6E
UNI-LAW,STR-LAW-LEGAL-TECH-ONBOAR-FA090,CAR-LAW-LEGAL-TECH-ONBOAR-FA090,SRC-LAW-LAW-DIGITAL-ECONO-AB5C7
UNI-LAW,STR-LAW-LEGAL-TECH-PRODUC-B19A2,CAR-LAW-LEGAL-TECH-PRODUC-B19A2,SRC-LAW-CAREER-MASTER-18-7C21A
UNI-LAW,STR-LAW-LEGAL-TRANSLATION-9F755,CAR-LAW-LEGAL-TRANSLATION-9F755,SRC-LAW-CAREER-MASTER-87-2F4BA
UNI-LAW,STR-LAW-LEGAL-TRANSLATOR-B6DC5,CAR-LAW-LEGAL-TRANSLATOR-B6DC5,SRC-LAW-FLEXIBLE-LEGAL-LI-98C5D
UNI-LAW,STR-LAW-LEGISLATIVE-ASSIS-8790E,CAR-LAW-LEGISLATIVE-ASSIS-8790E,SRC-LAW-CAREER-MASTER-36-2BF16
UNI-LAW,STR-LAW-LEGISLATIVE-LANGU-A7A4D,CAR-LAW-LEGISLATIVE-LANGU-A7A4D,SRC-LAW-EMERGING-NICHE-IN-CD32D
UNI-LAW,STR-LAW-LITIGATION-FINANC-1BD9E,CAR-LAW-LITIGATION-FINANC-1BD9E,SRC-LAW-CAREER-MASTER-66-EBE9D
UNI-LAW,STR-LAW-LOCAL-GOVERNANCE-4BFA0,CAR-LAW-LOCAL-GOVERNANCE-4BFA0,SRC-LAW-LEGAL-MICRO-ENTRE-54B6A
UNI-LAW,STR-LAW-MARITIME-SHIPPING-F3F16,CAR-LAW-MARITIME-SHIPPING-F3F16,SRC-LAW-CAREER-MASTER-80-262D4
UNI-LAW,STR-LAW-MEDIA-ENTERTAINME-76673,CAR-LAW-MEDIA-ENTERTAINME-76673,SRC-LAW-CAREER-MASTER-26-18AAA
UNI-LAW,STR-LAW-MEDIATOR-CONCILIA-B4DF9,CAR-LAW-MEDIATOR-CONCILIA-B4DF9,SRC-LAW-CAREER-MASTER-11-476C1
UNI-LAW,STR-LAW-MEME-IP-RIGHTS-AN-C25D1,CAR-LAW-MEME-IP-RIGHTS-AN-C25D1,SRC-LAW-EMERGING-NICHE-IN-66951
UNI-LAW,STR-LAW-MOCK-TRIAL-PROGRA-8C378,CAR-LAW-MOCK-TRIAL-PROGRA-8C378,SRC-LAW-EMERGING-NICHE-IN-CB350
UNI-LAW,STR-LAW-MULTILINGUAL-LEGA-F6218,CAR-LAW-MULTILINGUAL-LEGA-F6218,SRC-LAW-LEGAL-MICRO-ENTRE-9026F
UNI-LAW,STR-LAW-NCLT-NCLAT-PRACTI-160CD,CAR-LAW-NCLT-NCLAT-PRACTI-160CD,SRC-LAW-CAREER-MASTER-45-6308E
UNI-LAW,STR-LAW-NGO-LEGAL-COMPLIA-81FFE,CAR-LAW-NGO-LEGAL-COMPLIA-81FFE,SRC-LAW-CAREER-MASTER-71-F5DD1
UNI-LAW,STR-LAW-NOTARY-F92FC,CAR-LAW-NOTARY-F92FC,SRC-LAW-CAREER-MASTER-75-107C2
UNI-LAW,STR-LAW-OATH-COMMISSIONER-B241B,CAR-LAW-OATH-COMMISSIONER-B241B,SRC-LAW-CAREER-MASTER-76-C6529
UNI-LAW,STR-LAW-ONLINE-DISPUTE-RE-3B4AF,CAR-LAW-ONLINE-DISPUTE-RE-3B4AF,SRC-LAW-CAREER-MASTER-62-65BD3
UNI-LAW,STR-LAW-ONLINE-LEGAL-TEMP-D4244,CAR-LAW-ONLINE-LEGAL-TEMP-D4244,SRC-LAW-LEGAL-MICRO-ENTRE-E00FA
UNI-LAW,STR-LAW-ONLINE-LEGAL-TUTO-61B7A,CAR-LAW-ONLINE-LEGAL-TUTO-61B7A,SRC-LAW-FLEXIBLE-LEGAL-LI-D3FD4
UNI-LAW,STR-LAW-OTT-MEDIA-COMPLIA-4E2AD,CAR-LAW-OTT-MEDIA-COMPLIA-4E2AD,SRC-LAW-EMERGING-NICHE-IN-75172
UNI-LAW,STR-LAW-PANCHAYAT-GOVERNA-167C8,CAR-LAW-PANCHAYAT-GOVERNA-167C8,SRC-LAW-EMERGING-NICHE-IN-7B681
UNI-LAW,STR-LAW-PARALEGAL-6C0F7,CAR-LAW-PARALEGAL-6C0F7,SRC-LAW-CAREER-MASTER-57-6F057
UNI-LAW,STR-LAW-PATENT-AGENT-4C402,CAR-LAW-PATENT-AGENT-4C402,SRC-LAW-CAREER-MASTER-24-C1597
UNI-LAW,STR-LAW-PHARMA-REGULATORY-1877B,CAR-LAW-PHARMA-REGULATORY-1877B,SRC-LAW-CAREER-MASTER-79-7C160
UNI-LAW,STR-LAW-PODCAST-YOUTUBE-L-3BED7,CAR-LAW-PODCAST-YOUTUBE-L-3BED7,SRC-LAW-EMERGING-NICHE-IN-FCB76
UNI-LAW,STR-LAW-POLICE-LEGAL-ADVI-21B8E,CAR-LAW-POLICE-LEGAL-ADVI-21B8E,SRC-LAW-CAREER-MASTER-35-F8686
UNI-LAW,STR-LAW-POSH-AWARENESS-TR-BF737,CAR-LAW-POSH-AWARENESS-TR-BF737,SRC-LAW-FLEXIBLE-LEGAL-LI-D5EBF
UNI-LAW,STR-LAW-PUBLIC-POLICY-DRA-CDEE9,CAR-LAW-PUBLIC-POLICY-DRA-CDEE9,SRC-LAW-EMERGING-NICHE-IN-4CBC8
UNI-LAW,STR-LAW-PUBLIC-PROSECUTOR-EEB1E,CAR-LAW-PUBLIC-PROSECUTOR-EEB1E,SRC-LAW-CAREER-MASTER-6-883AB
UNI-LAW,STR-LAW-REAL-ESTATE-LAWYE-B402D,CAR-LAW-REAL-ESTATE-LAWYE-B402D,SRC-LAW-CAREER-MASTER-49-11282
UNI-LAW,STR-LAW-REGIONAL-LANGUAGE-9898A,CAR-LAW-REGIONAL-LANGUAGE-9898A,SRC-LAW-EMERGING-NICHE-IN-CDF72
UNI-LAW,STR-LAW-REGULATORY-AFFAIR-CFC00,CAR-LAW-REGULATORY-AFFAIR-CFC00,SRC-LAW-CAREER-MASTER-38-63D31
UNI-LAW,STR-LAW-RESOLUTION-PROFES-53CB7,CAR-LAW-RESOLUTION-PROFES-53CB7,SRC-LAW-CAREER-MASTER-44-B5C16
UNI-LAW,STR-LAW-RTI-CONSULTANT-7B7F5,CAR-LAW-RTI-CONSULTANT-7B7F5,SRC-LAW-FLEXIBLE-LEGAL-LI-0F107
UNI-LAW,STR-LAW-SANCTIONS-AML-COM-5D8EF,CAR-LAW-SANCTIONS-AML-COM-5D8EF,SRC-LAW-CAREER-MASTER-88-3B9CA
UNI-LAW,STR-LAW-SECURITIES-LAWYER-7BA13,CAR-LAW-SECURITIES-LAWYER-7BA13,SRC-LAW-CAREER-MASTER-41-D3D45
UNI-LAW,STR-LAW-SMART-CONTRACT-BL-71F10,CAR-LAW-SMART-CONTRACT-BL-71F10,SRC-LAW-CAREER-MASTER-60-D290E
UNI-LAW,STR-LAW-SMART-CONTRACT-DO-ABEBF,CAR-LAW-SMART-CONTRACT-DO-ABEBF,SRC-LAW-EMERGING-NICHE-IN-E2642
UNI-LAW,STR-LAW-SPACE-LAW-SATELLI-C6ECE,CAR-LAW-SPACE-LAW-SATELLI-C6ECE,SRC-LAW-CAREER-MASTER-82-E8BB0
UNI-LAW,STR-LAW-SPORTS-LAWYER-F3ED4,CAR-LAW-SPORTS-LAWYER-F3ED4,SRC-LAW-CAREER-MASTER-27-FC4C5
UNI-LAW,STR-LAW-STARTUP-LEGAL-CON-A5C73,CAR-LAW-STARTUP-LEGAL-CON-A5C73,SRC-LAW-LAW-DIGITAL-ECONO-91AEE
UNI-LAW,STR-LAW-TAX-LAWYER-2CDFC,CAR-LAW-TAX-LAWYER-2CDFC,SRC-LAW-CAREER-MASTER-28-6AC79
UNI-LAW,STR-LAW-TEMPLE-TRUST-GOVE-0BC6E,CAR-LAW-TEMPLE-TRUST-GOVE-0BC6E,SRC-LAW-EMERGING-NICHE-IN-E5910
UNI-LAW,STR-LAW-TRADEMARK-ATTORNE-49DC4,CAR-LAW-TRADEMARK-ATTORNE-49DC4,SRC-LAW-CAREER-MASTER-25-7E39F
UNI-LAW,STR-LAW-VIRTUAL-LEGAL-ASS-CAA4A,CAR-LAW-VIRTUAL-LEGAL-ASS-CAA4A,SRC-LAW-FLEXIBLE-LEGAL-LI-AADB2
UNI-LAW,STR-LAW-VIRTUAL-REALITY-L-07DD5,CAR-LAW-VIRTUAL-REALITY-L-07DD5,SRC-LAW-EMERGING-NICHE-IN-1E255
UNI-LAW,STR-LAW-WAQF-RELIGIOUS-EN-3DF90,CAR-LAW-WAQF-RELIGIOUS-EN-3DF90,SRC-LAW-EMERGING-NICHE-IN-B72F2
UNI-LAW,STR-LAW-WATER-GOVERNANCE-7F0B7,CAR-LAW-WATER-GOVERNANCE-7F0B7,SRC-LAW-EMERGING-NICHE-IN-C9E49
UNI-LAW,STR-LAW-WHITE-COLLAR-CRIM-ED310,CAR-LAW-WHITE-COLLAR-CRIM-ED310,SRC-LAW-CAREER-MASTER-89-19DB4
UNI-LAW,STR-LAW-WORKPLACE-CONFLIC-AFBD2,CAR-LAW-WORKPLACE-CONFLIC-AFBD2,SRC-LAW-LAW-COUNSELLING-3-57677
UNI-MANAGEMENT,STR-MGT-ADVENTURE-TOURISM-27F39,CAR-MGT-ADVENTURE-TOURISM-27F39,SRC-MGT-REGIONAL-RESOURCE-CCED3
UNI-MANAGEMENT,STR-MGT-AGRI-DRONE-BUSINE-8B65A,CAR-MGT-AGRI-DRONE-BUSINE-8B65A,SRC-MGT-REGIONAL-RESOURCE-B1014
UNI-MANAGEMENT,STR-MGT-AGRI-SAAS-CUSTOME-7C721,CAR-MGT-AGRI-SAAS-CUSTOME-7C721,SRC-MGT-REGIONAL-RESOURCE-372AE
UNI-MANAGEMENT,STR-MGT-AGRIBUSINESS-MANA-E5786,CAR-MGT-AGRIBUSINESS-MANA-E5786,SRC-MGT-SECTOR-MANAGEMENT-CACA1
UNI-MANAGEMENT,STR-MGT-AI-GOVERNANCE-OPE-DD97D,CAR-MGT-AI-GOVERNANCE-OPE-DD97D,SRC-MGT-REGIONAL-RESOURCE-A6E1C
UNI-MANAGEMENT,STR-MGT-AI-STRATEGY-ASSOC-2F844,CAR-MGT-AI-STRATEGY-ASSOC-2F844,SRC-MGT-AI-ERA-MANAGEMENT-A2F8E
UNI-MANAGEMENT,STR-MGT-AI-WORKFLOW-OPERA-6FB26,CAR-MGT-AI-WORKFLOW-OPERA-6FB26,SRC-MGT-REGIONAL-RESOURCE-E156D
UNI-MANAGEMENT,STR-MGT-AQUACULTURE-ENTER-0828C,CAR-MGT-AQUACULTURE-ENTER-0828C,SRC-MGT-REGIONAL-RESOURCE-18CE3
UNI-MANAGEMENT,STR-MGT-AVIATION-OPERATIO-CDF62,CAR-MGT-AVIATION-OPERATIO-CDF62,SRC-MGT-AI-ERA-MANAGEMENT-AD102
UNI-MANAGEMENT,STR-MGT-BAMBOO-CANE-ENTER-F15B7,CAR-MGT-BAMBOO-CANE-ENTER-F15B7,SRC-MGT-REGIONAL-RESOURCE-29933
UNI-MANAGEMENT,STR-MGT-BANKING-OPERATION-0AD48,CAR-MGT-BANKING-OPERATION-0AD48,SRC-MGT-TRADITIONAL-CAREE-272B7
UNI-MANAGEMENT,STR-MGT-BEHAVIORAL-ECONOM-AC841,CAR-MGT-BEHAVIORAL-ECONOM-AC841,SRC-MGT-EMERGING-NICHE-IN-F8AEA
UNI-MANAGEMENT,STR-MGT-BRAND-PARTNERSHIP-A9F9A,CAR-MGT-BRAND-PARTNERSHIP-A9F9A,SRC-MGT-SECTOR-MANAGEMENT-9E12D
UNI-MANAGEMENT,STR-MGT-BUSINESS-ANALYST-2CDD6,CAR-MGT-BUSINESS-ANALYST-2CDD6,SRC-MGT-AI-ERA-MANAGEMENT-F6B91
UNI-MANAGEMENT,STR-MGT-BUSINESS-CONTENT-78C6E,CAR-MGT-BUSINESS-CONTENT-78C6E,SRC-MGT-SHADOW-CAREERS-MB-32A72
UNI-MANAGEMENT,STR-MGT-BUSINESS-DEVELOPM-83F00,CAR-MGT-BUSINESS-DEVELOPM-83F00,SRC-MGT-AI-ERA-MANAGEMENT-86A94
UNI-MANAGEMENT,STR-MGT-BUSINESS-PLAN-COM-7A69E,CAR-MGT-BUSINESS-PLAN-COM-7A69E,SRC-MGT-SHADOW-CAREERS-MB-9436B
UNI-MANAGEMENT,STR-MGT-BUSINESS-RESEARCH-30F74,CAR-MGT-BUSINESS-RESEARCH-30F74,SRC-MGT-LOW-INVESTMENT-EN-E876A
UNI-MANAGEMENT,STR-MGT-BUSINESS-RESEARCH-9C4B3,CAR-MGT-BUSINESS-RESEARCH-9C4B3,SRC-MGT-SKILL-NON-MBA-12-A5110
UNI-MANAGEMENT,STR-MGT-BUSINESS-RESEARCH-FAE35,CAR-MGT-BUSINESS-RESEARCH-FAE35,SRC-MGT-MGMT-LIVELIHOOD-9-57390
UNI-MANAGEMENT,STR-MGT-BUSINESS-WRITING-DF807,CAR-MGT-BUSINESS-WRITING-DF807,SRC-MGT-SHADOW-CAREERS-MB-C8395
UNI-MANAGEMENT,STR-MGT-CARBON-MARKET-OPE-5FE43,CAR-MGT-CARBON-MARKET-OPE-5FE43,SRC-MGT-REGIONAL-RESOURCE-8BFA7
UNI-MANAGEMENT,STR-MGT-CASE-COMPETITION-ED431,CAR-MGT-CASE-COMPETITION-ED431,SRC-MGT-SHADOW-CAREERS-MB-40CA4
UNI-MANAGEMENT,STR-MGT-CIRCULAR-ECONOMY-311D7,CAR-MGT-CIRCULAR-ECONOMY-311D7,SRC-MGT-EMERGING-NICHE-IN-20D58
UNI-MANAGEMENT,STR-MGT-CLIMATE-BUSINESS-B20D7,CAR-MGT-CLIMATE-BUSINESS-B20D7,SRC-MGT-EMERGING-NICHE-IN-27DD0
UNI-MANAGEMENT,STR-MGT-COASTAL-TOURISM-O-467CB,CAR-MGT-COASTAL-TOURISM-O-467CB,SRC-MGT-REGIONAL-RESOURCE-F6A54
UNI-MANAGEMENT,STR-MGT-COLLEGE-INSTITUTI-8D9B1,CAR-MGT-COLLEGE-INSTITUTI-8D9B1,SRC-MGT-SECTOR-MANAGEMENT-4F282
UNI-MANAGEMENT,STR-MGT-COMMUNITY-MANAGEM-AAA7C,CAR-MGT-COMMUNITY-MANAGEM-AAA7C,SRC-MGT-LOW-INVESTMENT-EN-78C4D
UNI-MANAGEMENT,STR-MGT-COMMUNITY-MANAGER-5EE4E,CAR-MGT-COMMUNITY-MANAGER-5EE4E,SRC-MGT-AI-ERA-MANAGEMENT-FFC7C
UNI-MANAGEMENT,STR-MGT-COMMUNITY-MONETIZ-7F563,CAR-MGT-COMMUNITY-MONETIZ-7F563,SRC-MGT-REGIONAL-RESOURCE-C612E
UNI-MANAGEMENT,STR-MGT-COMPLIANCE-MANAGE-FBD21,CAR-MGT-COMPLIANCE-MANAGE-FBD21,SRC-MGT-CAREER-MASTER-61-8FD57
UNI-MANAGEMENT,STR-MGT-CORPORATE-COMMUNI-566A7,CAR-MGT-CORPORATE-COMMUNI-566A7,SRC-MGT-CAREER-MASTER-42-B19DA
UNI-MANAGEMENT,STR-MGT-CORPORATE-RESUME-8B8D5,CAR-MGT-CORPORATE-RESUME-8B8D5,SRC-MGT-SHADOW-CAREERS-MB-7472D
UNI-MANAGEMENT,STR-MGT-CORPORATE-TRAINER-5850D,CAR-MGT-CORPORATE-TRAINER-5850D,SRC-MGT-SHADOW-CAREERS-MB-F6C3E
UNI-MANAGEMENT,STR-MGT-CORPORATE-TRAININ-A9848,CAR-MGT-CORPORATE-TRAININ-A9848,SRC-MGT-MGMT-LIVELIHOOD-1-B9305
UNI-MANAGEMENT,STR-MGT-COURSE-LAUNCH-MAN-D0D75,CAR-MGT-COURSE-LAUNCH-MAN-D0D75,SRC-MGT-MGMT-LIVELIHOOD-1-A7884
UNI-MANAGEMENT,STR-MGT-COURSE-LAUNCH-WEB-7A45F,CAR-MGT-COURSE-LAUNCH-WEB-7A45F,SRC-MGT-LOW-INVESTMENT-EN-B9E91
UNI-MANAGEMENT,STR-MGT-CREATOR-BUSINESS-94AD8,CAR-MGT-CREATOR-BUSINESS-94AD8,SRC-MGT-SKILL-NON-MBA-9-2243D
UNI-MANAGEMENT,STR-MGT-CREATOR-ECONOMY-B-C700B,CAR-MGT-CREATOR-ECONOMY-B-C700B,SRC-MGT-REGIONAL-RESOURCE-35BCB
UNI-MANAGEMENT,STR-MGT-CREATOR-ECONOMY-M-FF116,CAR-MGT-CREATOR-ECONOMY-M-FF116,SRC-MGT-EMERGING-NICHE-IN-78AFD
UNI-MANAGEMENT,STR-MGT-CREATOR-INFLUENCE-2BFE9,CAR-MGT-CREATOR-INFLUENCE-2BFE9,SRC-MGT-MGMT-LIVELIHOOD-8-87052
UNI-MANAGEMENT,STR-MGT-CREATOR-OPERATION-0C158,CAR-MGT-CREATOR-OPERATION-0C158,SRC-MGT-LOW-INVESTMENT-EN-C7493
UNI-MANAGEMENT,STR-MGT-CRM-SETUP-SALES-F-6C3EC,CAR-MGT-CRM-SETUP-SALES-F-6C3EC,SRC-MGT-MGMT-LIVELIHOOD-5-37C61
UNI-MANAGEMENT,STR-MGT-CSR-MANAGER-58D10,CAR-MGT-CSR-MANAGER-58D10,SRC-MGT-AI-ERA-MANAGEMENT-043AF
UNI-MANAGEMENT,STR-MGT-CULTURAL-ENTERPRI-C4EE8,CAR-MGT-CULTURAL-ENTERPRI-C4EE8,SRC-MGT-EMERGING-NICHE-IN-18F85
UNI-MANAGEMENT,STR-MGT-CUSTOMER-SUCCESS-B41B2,CAR-MGT-CUSTOMER-SUCCESS-B41B2,SRC-MGT-AI-ERA-MANAGEMENT-AADDA
UNI-MANAGEMENT,STR-MGT-DAIRY-COOPERATIVE-99059,CAR-MGT-DAIRY-COOPERATIVE-99059,SRC-MGT-REGIONAL-RESOURCE-3EF5B
UNI-MANAGEMENT,STR-MGT-DEVELOPMENT-SECTO-C1E22,CAR-MGT-DEVELOPMENT-SECTO-C1E22,SRC-MGT-SECTOR-MANAGEMENT-D6C8A
UNI-MANAGEMENT,STR-MGT-DIGITAL-MARKETING-EB1C2,CAR-MGT-DIGITAL-MARKETING-EB1C2,SRC-MGT-LOW-INVESTMENT-EN-01C13
UNI-MANAGEMENT,STR-MGT-DIGITAL-TRANSFORM-71647,CAR-MGT-DIGITAL-TRANSFORM-71647,SRC-MGT-AI-ERA-MANAGEMENT-B18A7
UNI-MANAGEMENT,STR-MGT-DISASTER-RELIEF-S-6C0E6,CAR-MGT-DISASTER-RELIEF-S-6C0E6,SRC-MGT-REGIONAL-RESOURCE-2D86C
UNI-MANAGEMENT,STR-MGT-E-COMMERCE-MARKET-15971,CAR-MGT-E-COMMERCE-MARKET-15971,SRC-MGT-LOW-INVESTMENT-EN-FCC9A
UNI-MANAGEMENT,STR-MGT-E-COMMERCE-OPERAT-8A100,CAR-MGT-E-COMMERCE-OPERAT-8A100,SRC-MGT-SKILL-NON-MBA-8-09679
UNI-MANAGEMENT,STR-MGT-E-COMMERCE-STORE-B612C,CAR-MGT-E-COMMERCE-STORE-B612C,SRC-MGT-MGMT-LIVELIHOOD-4-E6DC1
UNI-MANAGEMENT,STR-MGT-EDUCATION-BUSINES-5B626,CAR-MGT-EDUCATION-BUSINES-5B626,SRC-MGT-EMERGING-NICHE-IN-F0DD8
UNI-MANAGEMENT,STR-MGT-EDUCATION-EDTECH-76C67,CAR-MGT-EDUCATION-EDTECH-76C67,SRC-MGT-AI-ERA-MANAGEMENT-C473E
UNI-MANAGEMENT,STR-MGT-ETHICAL-AI-ADOPTI-67769,CAR-MGT-ETHICAL-AI-ADOPTI-67769,SRC-MGT-EMERGING-NICHE-IN-E1226
UNI-MANAGEMENT,STR-MGT-EVENT-COORDINATIO-E1D84,CAR-MGT-EVENT-COORDINATIO-E1D84,SRC-MGT-LOW-INVESTMENT-EN-E907D
UNI-MANAGEMENT,STR-MGT-EVENT-MANAGER-F2CE5,CAR-MGT-EVENT-MANAGER-F2CE5,SRC-MGT-CAREER-MASTER-15-144C0
UNI-MANAGEMENT,STR-MGT-EVENT-PRODUCTION-4554A,CAR-MGT-EVENT-PRODUCTION-4554A,SRC-MGT-MGMT-LIVELIHOOD-7-0F5DB
UNI-MANAGEMENT,STR-MGT-EXECUTIVE-INTERVI-A0903,CAR-MGT-EXECUTIVE-INTERVI-A0903,SRC-MGT-SHADOW-CAREERS-MB-301AE
UNI-MANAGEMENT,STR-MGT-FAITH-BASED-TEMPL-E02CB,CAR-MGT-FAITH-BASED-TEMPL-E02CB,SRC-MGT-EMERGING-NICHE-IN-BAD4D
UNI-MANAGEMENT,STR-MGT-FAMILY-BUSINESS-M-D9030,CAR-MGT-FAMILY-BUSINESS-M-D9030,SRC-MGT-ENTREPRENEURSHIP-8183A
UNI-MANAGEMENT,STR-MGT-FESTIVAL-AND-MEGA-091FA,CAR-MGT-FESTIVAL-AND-MEGA-091FA,SRC-MGT-REGIONAL-RESOURCE-0CA9A
UNI-MANAGEMENT,STR-MGT-FINANCE-MANAGER-A60F1,CAR-MGT-FINANCE-MANAGER-A60F1,SRC-MGT-TRADITIONAL-CAREE-4C7B0
UNI-MANAGEMENT,STR-MGT-FISHERY-BUSINESS-47310,CAR-MGT-FISHERY-BUSINESS-47310,SRC-MGT-REGIONAL-RESOURCE-74F00
UNI-MANAGEMENT,STR-MGT-FOOD-PROCESSING-M-99EE5,CAR-MGT-FOOD-PROCESSING-M-99EE5,SRC-MGT-REGIONAL-RESOURCE-908AB
UNI-MANAGEMENT,STR-MGT-FPO-MANAGEMENT-PR-C061B,CAR-MGT-FPO-MANAGEMENT-PR-C061B,SRC-MGT-REGIONAL-RESOURCE-3FF75
UNI-MANAGEMENT,STR-MGT-FPO-RURAL-ENTERPR-61CDA,CAR-MGT-FPO-RURAL-ENTERPR-61CDA,SRC-MGT-LOW-INVESTMENT-EN-9E2F2
UNI-MANAGEMENT,STR-MGT-FRANCHISE-BUSINES-B86AF,CAR-MGT-FRANCHISE-BUSINES-B86AF,SRC-MGT-ENTREPRENEURSHIP-8B7F1
UNI-MANAGEMENT,STR-MGT-FRANCHISE-EXPANSI-53DF9,CAR-MGT-FRANCHISE-EXPANSI-53DF9,SRC-MGT-EMERGING-NICHE-IN-29662
UNI-MANAGEMENT,STR-MGT-FRANCHISE-FEASIBI-9DB04,CAR-MGT-FRANCHISE-FEASIBI-9DB04,SRC-MGT-MGMT-LIVELIHOOD-1-65722
UNI-MANAGEMENT,STR-MGT-FRANCHISE-LOCAL-E-43E0F,CAR-MGT-FRANCHISE-LOCAL-E-43E0F,SRC-MGT-LOW-INVESTMENT-EN-2A9B2
UNI-MANAGEMENT,STR-MGT-FREELANCE-DIGITAL-708A8,CAR-MGT-FREELANCE-DIGITAL-708A8,SRC-MGT-MGMT-LIVELIHOOD-3-DDBC7
UNI-MANAGEMENT,STR-MGT-FUNDRAISING-INVES-65E20,CAR-MGT-FUNDRAISING-INVES-65E20,SRC-MGT-AI-ERA-MANAGEMENT-F6DAE
UNI-MANAGEMENT,STR-MGT-GI-PRODUCT-MARKET-6FE1E,CAR-MGT-GI-PRODUCT-MARKET-6FE1E,SRC-MGT-REGIONAL-RESOURCE-B8390
UNI-MANAGEMENT,STR-MGT-GREEN-SUPPLY-CHAI-47F85,CAR-MGT-GREEN-SUPPLY-CHAI-47F85,SRC-MGT-REGIONAL-RESOURCE-F0556
UNI-MANAGEMENT,STR-MGT-GROWTH-MANAGER-FCC6B,CAR-MGT-GROWTH-MANAGER-FCC6B,SRC-MGT-AI-ERA-MANAGEMENT-6ED3A
UNI-MANAGEMENT,STR-MGT-HANDLOOM-CLUSTER-25E75,CAR-MGT-HANDLOOM-CLUSTER-25E75,SRC-MGT-REGIONAL-RESOURCE-80C8B
UNI-MANAGEMENT,STR-MGT-HERBAL-PRODUCT-BU-E4FEF,CAR-MGT-HERBAL-PRODUCT-BU-E4FEF,SRC-MGT-REGIONAL-RESOURCE-1292E
UNI-MANAGEMENT,STR-MGT-HERITAGE-EXPERIEN-255C8,CAR-MGT-HERITAGE-EXPERIEN-255C8,SRC-MGT-CAREER-MASTER-67-A5F2E
UNI-MANAGEMENT,STR-MGT-HOSPITAL-ADMINIST-F32A2,CAR-MGT-HOSPITAL-ADMINIST-F32A2,SRC-MGT-SECTOR-MANAGEMENT-310EC
UNI-MANAGEMENT,STR-MGT-HOTEL-HOSPITALITY-3F749,CAR-MGT-HOTEL-HOSPITALITY-3F749,SRC-MGT-SECTOR-MANAGEMENT-377E1
UNI-MANAGEMENT,STR-MGT-HR-RECRUITER-RECR-62863,CAR-MGT-HR-RECRUITER-RECR-62863,SRC-MGT-SKILL-NON-MBA-11-3FAAE
UNI-MANAGEMENT,STR-MGT-HUMAN-RESOURCE-MA-2A4AA,CAR-MGT-HUMAN-RESOURCE-MA-2A4AA,SRC-MGT-TRADITIONAL-CAREE-8F668
UNI-MANAGEMENT,STR-MGT-INFLUENCER-FRAUD-85124,CAR-MGT-INFLUENCER-FRAUD-85124,SRC-MGT-EMERGING-NICHE-IN-7C4E8
UNI-MANAGEMENT,STR-MGT-INSTITUTIONAL-SAL-51A32,CAR-MGT-INSTITUTIONAL-SAL-51A32,SRC-MGT-SKILL-NON-MBA-17-0B48A
UNI-MANAGEMENT,STR-MGT-INSURANCE-BUSINES-A40A5,CAR-MGT-INSURANCE-BUSINES-A40A5,SRC-MGT-SKILL-NON-MBA-14-4A9AC
UNI-MANAGEMENT,STR-MGT-INTERNATIONAL-TRA-05CDA,CAR-MGT-INTERNATIONAL-TRA-05CDA,SRC-MGT-SECTOR-MANAGEMENT-29B14
UNI-MANAGEMENT,STR-MGT-KIRANA-DIGITIZATI-CC3BC,CAR-MGT-KIRANA-DIGITIZATI-CC3BC,SRC-MGT-REGIONAL-RESOURCE-199B8
UNI-MANAGEMENT,STR-MGT-LINKEDIN-BRANDING-8C5AC,CAR-MGT-LINKEDIN-BRANDING-8C5AC,SRC-MGT-LOW-INVESTMENT-EN-1C787
UNI-MANAGEMENT,STR-MGT-LINKEDIN-BRANDING-A46ED,CAR-MGT-LINKEDIN-BRANDING-A46ED,SRC-MGT-MGMT-LIVELIHOOD-1-A7CEA
UNI-MANAGEMENT,STR-MGT-LOCAL-BUSINESS-DI-AABB7,CAR-MGT-LOCAL-BUSINESS-DI-AABB7,SRC-MGT-LOW-INVESTMENT-EN-844FB
UNI-MANAGEMENT,STR-MGT-LOCAL-EXPERIENCE-95C4A,CAR-MGT-LOCAL-EXPERIENCE-95C4A,SRC-MGT-REGIONAL-RESOURCE-E8D62
UNI-MANAGEMENT,STR-MGT-LOGISTICS-PORT-OP-27BE8,CAR-MGT-LOGISTICS-PORT-OP-27BE8,SRC-MGT-SECTOR-MANAGEMENT-88640
UNI-MANAGEMENT,STR-MGT-LUXURY-BRAND-MANA-DA743,CAR-MGT-LUXURY-BRAND-MANA-DA743,SRC-MGT-CAREER-MASTER-24-02988
UNI-MANAGEMENT,STR-MGT-MANAGEMENT-CONSUL-2D188,CAR-MGT-MANAGEMENT-CONSUL-2D188,SRC-MGT-TRADITIONAL-CAREE-4B9AD
UNI-MANAGEMENT,STR-MGT-MANAGEMENT-EDUCAT-90495,CAR-MGT-MANAGEMENT-EDUCAT-90495,SRC-MGT-SHADOW-CAREERS-MB-ACDC1
UNI-MANAGEMENT,STR-MGT-MANAGEMENT-RESEAR-B4C87,CAR-MGT-MANAGEMENT-RESEAR-B4C87,SRC-MGT-SHADOW-CAREERS-MB-298A6
UNI-MANAGEMENT,STR-MGT-MANAGEMENT-TRAINE-8A562,CAR-MGT-MANAGEMENT-TRAINE-8A562,SRC-MGT-AI-ERA-MANAGEMENT-C1CB4
UNI-MANAGEMENT,STR-MGT-MARKETING-MANAGER-0A49B,CAR-MGT-MARKETING-MANAGER-0A49B,SRC-MGT-TECHNO-DRIVEN-CAR-BF409
UNI-MANAGEMENT,STR-MGT-MBA-ADMISSIONS-CO-676E5,CAR-MGT-MBA-ADMISSIONS-CO-676E5,SRC-MGT-SHADOW-CAREERS-MB-00D37
UNI-MANAGEMENT,STR-MGT-MBA-PLACEMENT-PRO-7273C,CAR-MGT-MBA-PLACEMENT-PRO-7273C,SRC-MGT-SHADOW-CAREERS-MB-174F2
UNI-MANAGEMENT,STR-MGT-MEDIA-BUSINESS-MA-44B7B,CAR-MGT-MEDIA-BUSINESS-MA-44B7B,SRC-MGT-AI-ERA-MANAGEMENT-70704
UNI-MANAGEMENT,STR-MGT-MERCHANDISING-MAN-6375A,CAR-MGT-MERCHANDISING-MAN-6375A,SRC-MGT-AI-ERA-MANAGEMENT-C0246
UNI-MANAGEMENT,STR-MGT-MOUNTAIN-ECO-TOUR-A609E,CAR-MGT-MOUNTAIN-ECO-TOUR-A609E,SRC-MGT-REGIONAL-RESOURCE-DE331
UNI-MANAGEMENT,STR-MGT-MSME-BUSINESS-DIG-1C374,CAR-MGT-MSME-BUSINESS-DIG-1C374,SRC-MGT-ENTREPRENEURSHIP-5A817
UNI-MANAGEMENT,STR-MGT-MSME-EXPORT-READI-7C7D2,CAR-MGT-MSME-EXPORT-READI-7C7D2,SRC-MGT-EMERGING-NICHE-IN-779AC
UNI-MANAGEMENT,STR-MGT-MSME-OPERATIONS-A-F37DD,CAR-MGT-MSME-OPERATIONS-A-F37DD,SRC-MGT-MGMT-LIVELIHOOD-1-394E5
UNI-MANAGEMENT,STR-MGT-MSME-PROCESS-DOCU-F55FC,CAR-MGT-MSME-PROCESS-DOCU-F55FC,SRC-MGT-LOW-INVESTMENT-EN-26A19
UNI-MANAGEMENT,STR-MGT-NEURO-MARKETING-R-AB04B,CAR-MGT-NEURO-MARKETING-R-AB04B,SRC-MGT-EMERGING-NICHE-IN-C0086
UNI-MANAGEMENT,STR-MGT-NO-CODE-AUTOMATIO-7F847,CAR-MGT-NO-CODE-AUTOMATIO-7F847,SRC-MGT-MGMT-LIVELIHOOD-1-4C0A7
UNI-MANAGEMENT,STR-MGT-NO-CODE-BUSINESS-555C6,CAR-MGT-NO-CODE-BUSINESS-555C6,SRC-MGT-AI-ERA-MANAGEMENT-31AB8
UNI-MANAGEMENT,STR-MGT-ODOP-BRAND-AND-CL-5C1C0,CAR-MGT-ODOP-BRAND-AND-CL-5C1C0,SRC-MGT-REGIONAL-RESOURCE-F7DBE
UNI-MANAGEMENT,STR-MGT-ONDC-SELLER-ENABL-3B337,CAR-MGT-ONDC-SELLER-ENABL-3B337,SRC-MGT-REGIONAL-RESOURCE-6F449
UNI-MANAGEMENT,STR-MGT-OPERATIONS-MANAGE-1508E,CAR-MGT-OPERATIONS-MANAGE-1508E,SRC-MGT-TRADITIONAL-CAREE-93932
UNI-MANAGEMENT,STR-MGT-ORGANIC-VALLEY-SU-141F6,CAR-MGT-ORGANIC-VALLEY-SU-141F6,SRC-MGT-REGIONAL-RESOURCE-FC2C4
UNI-MANAGEMENT,STR-MGT-ORNAMENTAL-FISH-B-5A8BD,CAR-MGT-ORNAMENTAL-FISH-B-5A8BD,SRC-MGT-REGIONAL-RESOURCE-92E13
UNI-MANAGEMENT,STR-MGT-PEARL-FARMING-ENT-173AF,CAR-MGT-PEARL-FARMING-ENT-173AF,SRC-MGT-REGIONAL-RESOURCE-CBF87
UNI-MANAGEMENT,STR-MGT-PERFORMANCE-MARKE-9C0D6,CAR-MGT-PERFORMANCE-MARKE-9C0D6,SRC-MGT-AI-ERA-MANAGEMENT-20192
UNI-MANAGEMENT,STR-MGT-PITCH-DECK-PRESEN-27951,CAR-MGT-PITCH-DECK-PRESEN-27951,SRC-MGT-MGMT-LIVELIHOOD-1-460C0
UNI-MANAGEMENT,STR-MGT-POLITICAL-CAMPAIG-1C07A,CAR-MGT-POLITICAL-CAMPAIG-1C07A,SRC-MGT-REGIONAL-RESOURCE-0FB16
UNI-MANAGEMENT,STR-MGT-POLITICAL-CAMPAIG-87216,CAR-MGT-POLITICAL-CAMPAIG-87216,SRC-MGT-AI-ERA-MANAGEMENT-60736
UNI-MANAGEMENT,STR-MGT-PRESENTATION-PITC-DE4EB,CAR-MGT-PRESENTATION-PITC-DE4EB,SRC-MGT-LOW-INVESTMENT-EN-BEA6F
UNI-MANAGEMENT,STR-MGT-PROCUREMENT-MANAG-CAF11,CAR-MGT-PROCUREMENT-MANAG-CAF11,SRC-MGT-TRADITIONAL-CAREE-5B21D
UNI-MANAGEMENT,STR-MGT-PRODUCT-MANAGER-8CA40,CAR-MGT-PRODUCT-MANAGER-8CA40,SRC-MGT-TECHNO-DRIVEN-CAR-AA058
UNI-MANAGEMENT,STR-MGT-PRODUCT-OPERATION-E0976,CAR-MGT-PRODUCT-OPERATION-E0976,SRC-MGT-AI-ERA-MANAGEMENT-816E7
UNI-MANAGEMENT,STR-MGT-PROJECT-MANAGER-89F71,CAR-MGT-PROJECT-MANAGER-89F71,SRC-MGT-TRADITIONAL-CAREE-989D6
UNI-MANAGEMENT,STR-MGT-PROMPT-OPERATIONS-4B68D,CAR-MGT-PROMPT-OPERATIONS-4B68D,SRC-MGT-AI-ERA-MANAGEMENT-EBD45
UNI-MANAGEMENT,STR-MGT-PUBLIC-HEALTH-OPE-FFB40,CAR-MGT-PUBLIC-HEALTH-OPE-FFB40,SRC-MGT-EMERGING-NICHE-IN-865E2
UNI-MANAGEMENT,STR-MGT-PUBLIC-MOBILITY-I-31F9C,CAR-MGT-PUBLIC-MOBILITY-I-31F9C,SRC-MGT-REGIONAL-RESOURCE-DB74D
UNI-MANAGEMENT,STR-MGT-PUBLIC-NARRATIVE-F672D,CAR-MGT-PUBLIC-NARRATIVE-F672D,SRC-MGT-CAREER-MASTER-69-AA7CD
UNI-MANAGEMENT,STR-MGT-PUBLIC-POLICY-MAN-F5ECE,CAR-MGT-PUBLIC-POLICY-MAN-F5ECE,SRC-MGT-SECTOR-MANAGEMENT-AC527
UNI-MANAGEMENT,STR-MGT-PUBLISHING-OPERAT-34F41,CAR-MGT-PUBLISHING-OPERAT-34F41,SRC-MGT-CAREER-MASTER-68-7B786
UNI-MANAGEMENT,STR-MGT-QUALITY-MANAGER-5D807,CAR-MGT-QUALITY-MANAGER-5D807,SRC-MGT-TRADITIONAL-CAREE-2D9E7
UNI-MANAGEMENT,STR-MGT-REAL-ESTATE-BUSIN-69FD2,CAR-MGT-REAL-ESTATE-BUSIN-69FD2,SRC-MGT-AI-ERA-MANAGEMENT-5352F
UNI-MANAGEMENT,STR-MGT-RECRUITMENT-CONSU-D9B1A,CAR-MGT-RECRUITMENT-CONSU-D9B1A,SRC-MGT-LOW-INVESTMENT-EN-C3FD1
UNI-MANAGEMENT,STR-MGT-RECRUITMENT-MICRO-89733,CAR-MGT-RECRUITMENT-MICRO-89733,SRC-MGT-MGMT-LIVELIHOOD-6-E0988
UNI-MANAGEMENT,STR-MGT-RETAIL-STORE-MANA-4CBEF,CAR-MGT-RETAIL-STORE-MANA-4CBEF,SRC-MGT-AI-ERA-MANAGEMENT-76C84
UNI-MANAGEMENT,STR-MGT-REVENUE-OPERATION-E95EC,CAR-MGT-REVENUE-OPERATION-E95EC,SRC-MGT-AI-ERA-MANAGEMENT-2A7DC
UNI-MANAGEMENT,STR-MGT-RISK-MANAGER-509DA,CAR-MGT-RISK-MANAGER-509DA,SRC-MGT-CAREER-MASTER-60-B9C74
UNI-MANAGEMENT,STR-MGT-RURAL-BPO-DIGITAL-6D843,CAR-MGT-RURAL-BPO-DIGITAL-6D843,SRC-MGT-REGIONAL-RESOURCE-BA488
UNI-MANAGEMENT,STR-MGT-RURAL-PLATFORM-OP-130B8,CAR-MGT-RURAL-PLATFORM-OP-130B8,SRC-MGT-EMERGING-NICHE-IN-BC17B
UNI-MANAGEMENT,STR-MGT-RURAL-SPORTS-LEAG-6C970,CAR-MGT-RURAL-SPORTS-LEAG-6C970,SRC-MGT-REGIONAL-RESOURCE-7EFC9
UNI-MANAGEMENT,STR-MGT-SEAFOOD-EXPORT-OP-B707B,CAR-MGT-SEAFOOD-EXPORT-OP-B707B,SRC-MGT-REGIONAL-RESOURCE-B6FFC
UNI-MANAGEMENT,STR-MGT-SEAWEED-BUSINESS-978AC,CAR-MGT-SEAWEED-BUSINESS-978AC,SRC-MGT-REGIONAL-RESOURCE-2C410
UNI-MANAGEMENT,STR-MGT-SENIOR-LIVING-OPE-FF684,CAR-MGT-SENIOR-LIVING-OPE-FF684,SRC-MGT-REGIONAL-RESOURCE-99487
UNI-MANAGEMENT,STR-MGT-SHG-LIVELIHOOD-PR-5F9F6,CAR-MGT-SHG-LIVELIHOOD-PR-5F9F6,SRC-MGT-REGIONAL-RESOURCE-06226
UNI-MANAGEMENT,STR-MGT-SMALL-BUSINESS-DI-CD57F,CAR-MGT-SMALL-BUSINESS-DI-CD57F,SRC-MGT-MGMT-LIVELIHOOD-1-94D00
UNI-MANAGEMENT,STR-MGT-SPICE-ROUTE-PLANT-629DB,CAR-MGT-SPICE-ROUTE-PLANT-629DB,SRC-MGT-REGIONAL-RESOURCE-182EC
UNI-MANAGEMENT,STR-MGT-SPIRITUAL-TOURISM-B52DE,CAR-MGT-SPIRITUAL-TOURISM-B52DE,SRC-MGT-EMERGING-NICHE-IN-9BF67
UNI-MANAGEMENT,STR-MGT-SPORTS-MANAGER-A7B03,CAR-MGT-SPORTS-MANAGER-A7B03,SRC-MGT-SECTOR-MANAGEMENT-5A25F
UNI-MANAGEMENT,STR-MGT-STARTUP-OPERATION-14C6F,CAR-MGT-STARTUP-OPERATION-14C6F,SRC-MGT-ENTREPRENEURSHIP-D79FD
UNI-MANAGEMENT,STR-MGT-STARTUP-PITCH-CON-09CCA,CAR-MGT-STARTUP-PITCH-CON-09CCA,SRC-MGT-SHADOW-CAREERS-MB-D3B17
UNI-MANAGEMENT,STR-MGT-SUGAR-COOPERATIVE-B0CA7,CAR-MGT-SUGAR-COOPERATIVE-B0CA7,SRC-MGT-REGIONAL-RESOURCE-752EA
UNI-MANAGEMENT,STR-MGT-SUPPLY-CHAIN-MANA-B5612,CAR-MGT-SUPPLY-CHAIN-MANA-B5612,SRC-MGT-AI-ERA-MANAGEMENT-F273C
UNI-MANAGEMENT,STR-MGT-SUSTAINABILITY-ES-59CCB,CAR-MGT-SUSTAINABILITY-ES-59CCB,SRC-MGT-AI-ERA-MANAGEMENT-35C39
UNI-MANAGEMENT,STR-MGT-TALENT-MANAGER-86560,CAR-MGT-TALENT-MANAGER-86560,SRC-MGT-SKILL-NON-MBA-18-17E31
UNI-MANAGEMENT,STR-MGT-TEA-ESTATE-PLANTA-EB170,CAR-MGT-TEA-ESTATE-PLANTA-EB170,SRC-MGT-REGIONAL-RESOURCE-50A0F
UNI-MANAGEMENT,STR-MGT-TEMPLE-ADMINISTRA-ED936,CAR-MGT-TEMPLE-ADMINISTRA-ED936,SRC-MGT-REGIONAL-RESOURCE-EDAB5
UNI-MANAGEMENT,STR-MGT-TOURISM-BUSINESS-9B974,CAR-MGT-TOURISM-BUSINESS-9B974,SRC-MGT-SECTOR-MANAGEMENT-1813C
UNI-MANAGEMENT,STR-MGT-TRAINING-DEVELOPM-177E0,CAR-MGT-TRAINING-DEVELOPM-177E0,SRC-MGT-AI-ERA-MANAGEMENT-4C987
UNI-MANAGEMENT,STR-MGT-TRIBAL-ENTERPRISE-EFBAA,CAR-MGT-TRIBAL-ENTERPRISE-EFBAA,SRC-MGT-REGIONAL-RESOURCE-C5C90
UNI-MANAGEMENT,STR-MGT-VERNACULAR-DIGITA-230F8,CAR-MGT-VERNACULAR-DIGITA-230F8,SRC-MGT-REGIONAL-RESOURCE-A4343
UNI-MANAGEMENT,STR-MGT-VIRTUAL-BUSINESS-F3C6A,CAR-MGT-VIRTUAL-BUSINESS-F3C6A,SRC-MGT-LOW-INVESTMENT-EN-C5E29
UNI-MANAGEMENT,STR-MGT-WASTE-ECONOMY-CIR-83729,CAR-MGT-WASTE-ECONOMY-CIR-83729,SRC-MGT-REGIONAL-RESOURCE-B0FB6
UNI-MANAGEMENT,STR-MGT-WATER-RESOURCE-US-2BF9E,CAR-MGT-WATER-RESOURCE-US-2BF9E,SRC-MGT-REGIONAL-RESOURCE-73759
UNI-MANAGEMENT,STR-MGT-WEALTH-MANAGEMENT-D530C,CAR-MGT-WEALTH-MANAGEMENT-D530C,SRC-MGT-CAREER-MASTER-47-AC993
UNI-MANAGEMENT,STR-MGT-YOGA-WELLNESS-RET-2E73E,CAR-MGT-YOGA-WELLNESS-RET-2E73E,SRC-MGT-REGIONAL-RESOURCE-FDDF0
UNI-SCIENCE,STR-SCI-4-YEAR-SERVICE-89A9F,CAR-SCI-4-YEAR-SERVICE-89A9F,SRC-SCI-DEFENCE-38-65E33
UNI-SCIENCE,STR-SCI-AC-TECHNICIAN-E01C7,CAR-SCI-AC-TECHNICIAN-E01C7,SRC-SCI-VOCATIONAL-18-8F88A
UNI-SCIENCE,STR-SCI-ACCESSIBILITY-INC-D2B35,CAR-SCI-ACCESSIBILITY-INC-D2B35,SRC-SCI-DESIGN-156-84D78
UNI-SCIENCE,STR-SCI-ACTUARIAL-SCIENCE-EFF21,CAR-SCI-ACTUARIAL-SCIENCE-EFF21,SRC-SCI-DATA-ANALYTICS-83-BFFAF
UNI-SCIENCE,STR-SCI-AEROSPACE-942B9,CAR-SCI-AEROSPACE-942B9,SRC-SCI-ENGINEERING-102-EF21A
UNI-SCIENCE,STR-SCI-AEROSPACE-ENGINEE-EA0D5,CAR-SCI-AEROSPACE-ENGINEE-EA0D5,SRC-SCI-AVIATION-23-5045B
UNI-SCIENCE,STR-SCI-AGRI-TECHNICIAN-D253F,CAR-SCI-AGRI-TECHNICIAN-D253F,SRC-SCI-VOCATIONAL-47-4760F
UNI-SCIENCE,STR-SCI-AGRICULTURAL-ENGI-245F4,CAR-SCI-AGRICULTURAL-ENGI-245F4,SRC-SCI-ENGINEERING-292-3C447
UNI-SCIENCE,STR-SCI-AGRICULTURE-SCIEN-8D2D0,CAR-SCI-AGRICULTURE-SCIEN-8D2D0,SRC-SCI-PURE-SCIENCE-69-919DD
UNI-SCIENCE,STR-SCI-AI-ENGINEER-F5949,CAR-SCI-AI-ENGINEER-F5949,SRC-SCI-DATA-ANALYTICS-23-24B97
UNI-SCIENCE,STR-SCI-AI-RESEARCHER-A10E1,CAR-SCI-AI-RESEARCHER-A10E1,SRC-SCI-DATA-ANALYTICS-43-E8EF1
UNI-SCIENCE,STR-SCI-AIRCRAFT-DESIGNER-7E8AE,CAR-SCI-AIRCRAFT-DESIGNER-7E8AE,SRC-SCI-AVIATION-27-B2333
UNI-SCIENCE,STR-SCI-AIRLINE-MANAGER-ACB24,CAR-SCI-AIRLINE-MANAGER-ACB24,SRC-SCI-AVIATION-41-93D8E
UNI-SCIENCE,STR-SCI-AIRLINE-PILOT-62737,CAR-SCI-AIRLINE-PILOT-62737,SRC-SCI-AVIATION-7-63810
UNI-SCIENCE,STR-SCI-AIRMAN-CC1A2,CAR-SCI-AIRMAN-CC1A2,SRC-SCI-DEFENCE-30-F4DF9
UNI-SCIENCE,STR-SCI-AIRPORT-FIRE-STAF-B1788,CAR-SCI-AIRPORT-FIRE-STAF-B1788,SRC-SCI-AVIATION-49-8CFBA
UNI-SCIENCE,STR-SCI-AIRPORT-OFFICER-3CFC6,CAR-SCI-AIRPORT-OFFICER-3CFC6,SRC-SCI-AVIATION-47-02472
UNI-SCIENCE,STR-SCI-AIRPORT-OPS-3E907,CAR-SCI-AIRPORT-OPS-3E907,SRC-SCI-AVIATION-43-44091
UNI-SCIENCE,STR-SCI-AME-A44BC,CAR-SCI-AME-A44BC,SRC-SCI-AVIATION-21-18612
UNI-SCIENCE,STR-SCI-ANALYTICS-ENGINEE-50BF8,CAR-SCI-ANALYTICS-ENGINEE-50BF8,SRC-SCI-DATA-ANALYTICS-53-DDFAC
UNI-SCIENCE,STR-SCI-ANESTHESIA-5E3A1,CAR-SCI-ANESTHESIA-5E3A1,SRC-SCI-MEDICINE-22-8622F
UNI-SCIENCE,STR-SCI-ANIMATION-59153,CAR-SCI-ANIMATION-59153,SRC-SCI-DESIGN-39-3A623
UNI-SCIENCE,STR-SCI-ARCHITECTURE-E3E9E,CAR-SCI-ARCHITECTURE-E3E9E,SRC-SCI-DESIGN-63-493BE
UNI-SCIENCE,STR-SCI-ARMY-OFFICER-F8BFE,CAR-SCI-ARMY-OFFICER-F8BFE,SRC-SCI-DEFENCE-14-47A4B
UNI-SCIENCE,STR-SCI-ARTIFICIAL-INTELL-50A54,CAR-SCI-ARTIFICIAL-INTELL-50A54,SRC-SCI-ENGINEERING-62-30AD4
UNI-SCIENCE,STR-SCI-ASSISTANT-DF458,CAR-SCI-ASSISTANT-DF458,SRC-SCI-VOCATIONAL-43-85C99
UNI-SCIENCE,STR-SCI-ASTROPHYSICS-043F6,CAR-SCI-ASTROPHYSICS-043F6,SRC-SCI-PURE-SCIENCE-57-A9178
UNI-SCIENCE,STR-SCI-ATC-AF747,CAR-SCI-ATC-AF747,SRC-SCI-AVIATION-53-3F363
UNI-SCIENCE,STR-SCI-AUTO-TECHNICIAN-9F2E1,CAR-SCI-AUTO-TECHNICIAN-9F2E1,SRC-SCI-VOCATIONAL-15-ED57A
UNI-SCIENCE,STR-SCI-AUTOMOBILE-ENGINE-986E6,CAR-SCI-AUTOMOBILE-ENGINE-986E6,SRC-SCI-ENGINEERING-142-C8A6D
UNI-SCIENCE,STR-SCI-AVIATION-FINANCE-EBB7C,CAR-SCI-AVIATION-FINANCE-EBB7C,SRC-SCI-AVIATION-63-A24AB
UNI-SCIENCE,STR-SCI-AVIATION-LAWYER-4C22F,CAR-SCI-AVIATION-LAWYER-4C22F,SRC-SCI-AVIATION-57-81662
UNI-SCIENCE,STR-SCI-AVIONICS-ENGINEER-41CB0,CAR-SCI-AVIONICS-ENGINEER-41CB0,SRC-SCI-AVIATION-25-86B84
UNI-SCIENCE,STR-SCI-AYURVEDA-BAMS-90531,CAR-SCI-AYURVEDA-BAMS-90531,SRC-SCI-MEDICINE-37-6734D
UNI-SCIENCE,STR-SCI-BI-ENGINEER-0CE64,CAR-SCI-BI-ENGINEER-0CE64,SRC-SCI-DATA-ANALYTICS-58-28D8E
UNI-SCIENCE,STR-SCI-BIOCHEMISTRY-6BACF,CAR-SCI-BIOCHEMISTRY-6BACF,SRC-SCI-PURE-SCIENCE-33-DECBF
UNI-SCIENCE,STR-SCI-BIOLOGY-FF9D0,CAR-SCI-BIOLOGY-FF9D0,SRC-SCI-PURE-SCIENCE-12-31A7E
UNI-SCIENCE,STR-SCI-BIOMEDICAL-ENGINE-8D23F,CAR-SCI-BIOMEDICAL-ENGINE-8D23F,SRC-SCI-ENGINEERING-222-B08BC
UNI-SCIENCE,STR-SCI-BIOPHYSICS-64E6B,CAR-SCI-BIOPHYSICS-64E6B,SRC-SCI-PURE-SCIENCE-36-8ED72
UNI-SCIENCE,STR-SCI-BIOTECHNOLOGY-503B6,CAR-SCI-BIOTECHNOLOGY-503B6,SRC-SCI-ENGINEERING-112-8F2F5
UNI-SCIENCE,STR-SCI-BIOTECHNOLOGY-9B9A3,CAR-SCI-BIOTECHNOLOGY-9B9A3,SRC-SCI-PURE-SCIENCE-18-ABA9F
UNI-SCIENCE,STR-SCI-BOTANY-5DFD8,CAR-SCI-BOTANY-5DFD8,SRC-SCI-PURE-SCIENCE-30-C1C03
UNI-SCIENCE,STR-SCI-BRAND-IDENTITY-DE-90BBD,CAR-SCI-BRAND-IDENTITY-DE-90BBD,SRC-SCI-DESIGN-132-F1A87
UNI-SCIENCE,STR-SCI-BUSINESS-ANALYST-F4378,CAR-SCI-BUSINESS-ANALYST-F4378,SRC-SCI-DATA-ANALYTICS-63-597E5
UNI-SCIENCE,STR-SCI-CABIN-CREW-AFC01,CAR-SCI-CABIN-CREW-AFC01,SRC-SCI-AVIATION-31-C2B02
UNI-SCIENCE,STR-SCI-CARGO-MANAGER-4134B,CAR-SCI-CARGO-MANAGER-4134B,SRC-SCI-AVIATION-51-50FBD
UNI-SCIENCE,STR-SCI-CERAMIC-ENGINEERI-0B019,CAR-SCI-CERAMIC-ENGINEERI-0B019,SRC-SCI-ENGINEERING-332-7EA11
UNI-SCIENCE,STR-SCI-CHARTER-PILOT-434CC,CAR-SCI-CHARTER-PILOT-434CC,SRC-SCI-AVIATION-11-CA35C
UNI-SCIENCE,STR-SCI-CHEMICAL-ENGINEER-89499,CAR-SCI-CHEMICAL-ENGINEER-89499,SRC-SCI-ENGINEERING-92-6AB68
UNI-SCIENCE,STR-SCI-CHEMISTRY-9B300,CAR-SCI-CHEMISTRY-9B300,SRC-SCI-PURE-SCIENCE-6-7DFA7
UNI-SCIENCE,STR-SCI-CIVIL-ENGINEERING-28C68,CAR-SCI-CIVIL-ENGINEERING-28C68,SRC-SCI-ENGINEERING-22-C7562
UNI-SCIENCE,STR-SCI-CLERK-EE94B,CAR-SCI-CLERK-EE94B,SRC-SCI-DEFENCE-27-1417F
UNI-SCIENCE,STR-SCI-CLIMATE-SCIENCE-1DC56,CAR-SCI-CLIMATE-SCIENCE-1DC56,SRC-SCI-PURE-SCIENCE-78-A2259
UNI-SCIENCE,STR-SCI-COGNITIVE-SCIENCE-55F54,CAR-SCI-COGNITIVE-SCIENCE-55F54,SRC-SCI-PURE-SCIENCE-63-C84A3
UNI-SCIENCE,STR-SCI-COMMERCIAL-PILOT-A8A0F,CAR-SCI-COMMERCIAL-PILOT-A8A0F,SRC-SCI-AVIATION-3-3E1D0
UNI-SCIENCE,STR-SCI-COMMUNITY-MEDICIN-90E23,CAR-SCI-COMMUNITY-MEDICIN-90E23,SRC-SCI-MEDICINE-28-6BDAC
UNI-SCIENCE,STR-SCI-COMPUTATIONAL-SCI-4F02F,CAR-SCI-COMPUTATIONAL-SCI-4F02F,SRC-SCI-PURE-SCIENCE-60-A0F76
UNI-SCIENCE,STR-SCI-COMPUTER-SCIENCE-75B3D,CAR-SCI-COMPUTER-SCIENCE-75B3D,SRC-SCI-ENGINEERING-2-51A21
UNI-SCIENCE,STR-SCI-COMPUTER-VISION-E-A1C58,CAR-SCI-COMPUTER-VISION-E-A1C58,SRC-SCI-DATA-ANALYTICS-33-8582F
UNI-SCIENCE,STR-SCI-CONSTABLE-E5F16,CAR-SCI-CONSTABLE-E5F16,SRC-SCI-DEFENCE-40-A6D66
UNI-SCIENCE,STR-SCI-CYBER-SPACE-ROLES-2EEAB,CAR-SCI-CYBER-SPACE-ROLES-2EEAB,SRC-SCI-DEFENCE-82-7AA44
UNI-SCIENCE,STR-SCI-CYBERSECURITY-7DB8E,CAR-SCI-CYBERSECURITY-7DB8E,SRC-SCI-ENGINEERING-72-7112B
UNI-SCIENCE,STR-SCI-DAIRY-ASSISTANT-3F224,CAR-SCI-DAIRY-ASSISTANT-3F224,SRC-SCI-VOCATIONAL-48-816F3
UNI-SCIENCE,STR-SCI-DAIRY-TECHNOLOGY-FFD9E,CAR-SCI-DAIRY-TECHNOLOGY-FFD9E,SRC-SCI-ENGINEERING-372-3E3E3
UNI-SCIENCE,STR-SCI-DATA-ANALYST-F7E47,CAR-SCI-DATA-ANALYST-F7E47,SRC-SCI-DATA-ANALYTICS-3-D8182
UNI-SCIENCE,STR-SCI-DATA-ARCHITECT-7F3B2,CAR-SCI-DATA-ARCHITECT-7F3B2,SRC-SCI-DATA-ANALYTICS-48-45215
UNI-SCIENCE,STR-SCI-DATA-ENGINEER-542AF,CAR-SCI-DATA-ENGINEER-542AF,SRC-SCI-DATA-ANALYTICS-13-3DD55
UNI-SCIENCE,STR-SCI-DATA-GOVERNANCE-D-6BB2E,CAR-SCI-DATA-GOVERNANCE-D-6BB2E,SRC-SCI-DATA-ANALYTICS-10-B3FD7
UNI-SCIENCE,STR-SCI-DATA-PRODUCT-MANA-AAAA2,CAR-SCI-DATA-PRODUCT-MANA-AAAA2,SRC-SCI-DATA-ANALYTICS-73-339D2
UNI-SCIENCE,STR-SCI-DATA-QUALITY-ENGI-35370,CAR-SCI-DATA-QUALITY-ENGI-35370,SRC-SCI-DATA-ANALYTICS-98-9BDDF
UNI-SCIENCE,STR-SCI-DATA-SCIENCE-BSC-A81F3,CAR-SCI-DATA-SCIENCE-BSC-A81F3,SRC-SCI-PURE-SCIENCE-81-91DF3
UNI-SCIENCE,STR-SCI-DATA-SCIENCE-C55D0,CAR-SCI-DATA-SCIENCE-C55D0,SRC-SCI-ENGINEERING-52-A5704
UNI-SCIENCE,STR-SCI-DATA-SCIENTIST-42420,CAR-SCI-DATA-SCIENTIST-42420,SRC-SCI-DATA-ANALYTICS-8-87D7F
UNI-SCIENCE,STR-SCI-DATA-VISUALIZATIO-5CB3A,CAR-SCI-DATA-VISUALIZATIO-5CB3A,SRC-SCI-DESIGN-51-B348A
UNI-SCIENCE,STR-SCI-DECISION-SCIENTIS-A3BB0,CAR-SCI-DECISION-SCIENTIS-A3BB0,SRC-SCI-DATA-ANALYTICS-78-866B5
UNI-SCIENCE,STR-SCI-DEFENCE-ENTRY-649A4,CAR-SCI-DEFENCE-ENTRY-649A4,SRC-SCI-DEFENCE-3-BCEBD
UNI-SCIENCE,STR-SCI-DENTAL-BDS-6D960,CAR-SCI-DENTAL-BDS-6D960,SRC-SCI-MEDICINE-34-3161B
UNI-SCIENCE,STR-SCI-DERMATOLOGY-D058B,CAR-SCI-DERMATOLOGY-D058B,SRC-SCI-MEDICINE-13-F5098
UNI-SCIENCE,STR-SCI-DESIGN-MANAGEMENT-BA90E,CAR-SCI-DESIGN-MANAGEMENT-BA90E,SRC-SCI-DESIGN-126-A68E0
UNI-SCIENCE,STR-SCI-DESIGN-RESEARCH-84BCB,CAR-SCI-DESIGN-RESEARCH-84BCB,SRC-SCI-DESIGN-108-97E86
UNI-SCIENCE,STR-SCI-DIPLOMA-ENGINEER-34585,CAR-SCI-DIPLOMA-ENGINEER-34585,SRC-SCI-VOCATIONAL-8-A4C08
UNI-SCIENCE,STR-SCI-DISPATCHER-055B1,CAR-SCI-DISPATCHER-055B1,SRC-SCI-AVIATION-39-6D951
UNI-SCIENCE,STR-SCI-DRONE-PILOT-74960,CAR-SCI-DRONE-PILOT-74960,SRC-SCI-AVIATION-65-60474
UNI-SCIENCE,STR-SCI-DRONE-TECHNICIAN-617FE,CAR-SCI-DRONE-TECHNICIAN-617FE,SRC-SCI-VOCATIONAL-51-0EAA4
UNI-SCIENCE,STR-SCI-ECOSYSTEM-ROLES-FB1EB,CAR-SCI-ECOSYSTEM-ROLES-FB1EB,SRC-SCI-AVIATION-69-DEF43
UNI-SCIENCE,STR-SCI-EDUCATION-OFFICER-FAD0B,CAR-SCI-EDUCATION-OFFICER-FAD0B,SRC-SCI-DEFENCE-50-58BB3
UNI-SCIENCE,STR-SCI-ELECTRICAL-ACB07,CAR-SCI-ELECTRICAL-ACB07,SRC-SCI-ENGINEERING-32-B28E7
UNI-SCIENCE,STR-SCI-ELECTRICIAN-97A09,CAR-SCI-ELECTRICIAN-97A09,SRC-SCI-VOCATIONAL-3-1D1AF
UNI-SCIENCE,STR-SCI-ELECTRONICS-ECE-F6FDB,CAR-SCI-ELECTRONICS-ECE-F6FDB,SRC-SCI-ENGINEERING-42-5CF9D
UNI-SCIENCE,STR-SCI-ELECTRONICS-TECHN-B16CE,CAR-SCI-ELECTRONICS-TECHN-B16CE,SRC-SCI-VOCATIONAL-19-5388E
UNI-SCIENCE,STR-SCI-ENGINEER-0AB07,CAR-SCI-ENGINEER-0AB07,SRC-SCI-DEFENCE-56-F980A
UNI-SCIENCE,STR-SCI-ENGINEER-OFFICER-88C99,CAR-SCI-ENGINEER-OFFICER-88C99,SRC-SCI-DEFENCE-18-4D25A
UNI-SCIENCE,STR-SCI-ENTREPRENEUR-4EA1C,CAR-SCI-ENTREPRENEUR-4EA1C,SRC-SCI-VOCATIONAL-59-22CC9
UNI-SCIENCE,STR-SCI-ENVIRONMENTAL-BCCE8,CAR-SCI-ENVIRONMENTAL-BCCE8,SRC-SCI-ENGINEERING-122-BAB4C
UNI-SCIENCE,STR-SCI-ENVIRONMENTAL-SCI-7193C,CAR-SCI-ENVIRONMENTAL-SCI-7193C,SRC-SCI-PURE-SCIENCE-39-0210F
UNI-SCIENCE,STR-SCI-ENVIRONMENTAL-TEC-23215,CAR-SCI-ENVIRONMENTAL-TEC-23215,SRC-SCI-VOCATIONAL-27-3AFD9
UNI-SCIENCE,STR-SCI-EV-SPECIALIST-DCEF9,CAR-SCI-EV-SPECIALIST-DCEF9,SRC-SCI-VOCATIONAL-16-6AD39
UNI-SCIENCE,STR-SCI-EXPERIENCE-DESIGN-70F62,CAR-SCI-EXPERIENCE-DESIGN-70F62,SRC-SCI-DESIGN-102-D1F0A
UNI-SCIENCE,STR-SCI-FASHION-DESIGN-99E6A,CAR-SCI-FASHION-DESIGN-99E6A,SRC-SCI-DESIGN-69-4314C
UNI-SCIENCE,STR-SCI-FINANCIAL-DATA-AN-5CAEB,CAR-SCI-FINANCIAL-DATA-AN-5CAEB,SRC-SCI-DATA-ANALYTICS-12-64B45
UNI-SCIENCE,STR-SCI-FIRE-SAFETY-ENGIN-C466B,CAR-SCI-FIRE-SAFETY-ENGIN-C466B,SRC-SCI-ENGINEERING-382-BD249
UNI-SCIENCE,STR-SCI-FISHERIES-TECH-EC6F3,CAR-SCI-FISHERIES-TECH-EC6F3,SRC-SCI-VOCATIONAL-49-5C4B2
UNI-SCIENCE,STR-SCI-FITTER-423CE,CAR-SCI-FITTER-423CE,SRC-SCI-VOCATIONAL-4-ACC9C
UNI-SCIENCE,STR-SCI-FLIGHT-INSTRUCTOR-233BF,CAR-SCI-FLIGHT-INSTRUCTOR-233BF,SRC-SCI-AVIATION-13-B3373
UNI-SCIENCE,STR-SCI-FOOD-SCIENCE-70106,CAR-SCI-FOOD-SCIENCE-70106,SRC-SCI-PURE-SCIENCE-45-71123
UNI-SCIENCE,STR-SCI-FOOD-TECH-5B17F,CAR-SCI-FOOD-TECH-5B17F,SRC-SCI-VOCATIONAL-45-12FED
UNI-SCIENCE,STR-SCI-FOOD-TECHNOLOGY-D5A4E,CAR-SCI-FOOD-TECHNOLOGY-D5A4E,SRC-SCI-ENGINEERING-202-08610
UNI-SCIENCE,STR-SCI-FOOTWEAR-DESIGN-C424E,CAR-SCI-FOOTWEAR-DESIGN-C424E,SRC-SCI-DESIGN-90-4D2FD
UNI-SCIENCE,STR-SCI-FORENSIC-MEDICINE-3C46F,CAR-SCI-FORENSIC-MEDICINE-3C46F,SRC-SCI-MEDICINE-31-79F40
UNI-SCIENCE,STR-SCI-FORENSIC-SCIENCE-7BF83,CAR-SCI-FORENSIC-SCIENCE-7BF83,SRC-SCI-PURE-SCIENCE-42-F433A
UNI-SCIENCE,STR-SCI-FORESTRY-E454B,CAR-SCI-FORESTRY-E454B,SRC-SCI-PURE-SCIENCE-72-AFAC0
UNI-SCIENCE,STR-SCI-FREELANCER-E078F,CAR-SCI-FREELANCER-E078F,SRC-SCI-VOCATIONAL-61-023AD
UNI-SCIENCE,STR-SCI-GAME-DESIGN-EAE86,CAR-SCI-GAME-DESIGN-EAE86,SRC-SCI-DESIGN-45-C6E9A
UNI-SCIENCE,STR-SCI-GARMENT-TECHNICIA-84224,CAR-SCI-GARMENT-TECHNICIA-84224,SRC-SCI-VOCATIONAL-37-3399E
UNI-SCIENCE,STR-SCI-GARUD-F7775,CAR-SCI-GARUD-F7775,SRC-SCI-DEFENCE-62-8B13F
UNI-SCIENCE,STR-SCI-GENERAL-MEDICINE-C5720,CAR-SCI-GENERAL-MEDICINE-C5720,SRC-SCI-MEDICINE-2-265E5
UNI-SCIENCE,STR-SCI-GENERAL-SURGERY-EF5BC,CAR-SCI-GENERAL-SURGERY-EF5BC,SRC-SCI-MEDICINE-6-0018F
UNI-SCIENCE,STR-SCI-GENETICS-73400,CAR-SCI-GENETICS-73400,SRC-SCI-PURE-SCIENCE-24-D7974
UNI-SCIENCE,STR-SCI-GEO-INFORMATICS-G-9E95B,CAR-SCI-GEO-INFORMATICS-G-9E95B,SRC-SCI-ENGINEERING-312-28B04
UNI-SCIENCE,STR-SCI-GEOLOGY-1CE45,CAR-SCI-GEOLOGY-1CE45,SRC-SCI-PURE-SCIENCE-51-D5AA4
UNI-SCIENCE,STR-SCI-GEOSPATIAL-DATA-A-EAA07,CAR-SCI-GEOSPATIAL-DATA-A-EAA07,SRC-SCI-DATA-ANALYTICS-10-0341B
UNI-SCIENCE,STR-SCI-GLOBAL-PILOT-CE0C4,CAR-SCI-GLOBAL-PILOT-CE0C4,SRC-SCI-AVIATION-15-9C6A7
UNI-SCIENCE,STR-SCI-GRAPHIC-DESIGN-9AED7,CAR-SCI-GRAPHIC-DESIGN-9AED7,SRC-SCI-DESIGN-21-E5C02
UNI-SCIENCE,STR-SCI-GROUND-STAFF-73010,CAR-SCI-GROUND-STAFF-73010,SRC-SCI-AVIATION-35-86775
UNI-SCIENCE,STR-SCI-GROWTH-EXPERIMENT-8EBBB,CAR-SCI-GROWTH-EXPERIMENT-8EBBB,SRC-SCI-DATA-ANALYTICS-13-5C953
UNI-SCIENCE,STR-SCI-HARDWARE-TECHNICI-6A8BB,CAR-SCI-HARDWARE-TECHNICI-6A8BB,SRC-SCI-VOCATIONAL-22-93351
UNI-SCIENCE,STR-SCI-HEALTH-DATA-ANALY-985C9,CAR-SCI-HEALTH-DATA-ANALY-985C9,SRC-SCI-DATA-ANALYTICS-11-56A72
UNI-SCIENCE,STR-SCI-HELICOPTER-PILOT-EBC2E,CAR-SCI-HELICOPTER-PILOT-EBC2E,SRC-SCI-AVIATION-9-3DE63
UNI-SCIENCE,STR-SCI-HOMEOPATHY-BHMS-9716E,CAR-SCI-HOMEOPATHY-BHMS-9716E,SRC-SCI-MEDICINE-40-29129
UNI-SCIENCE,STR-SCI-IN-FLIGHT-MANAGER-66C96,CAR-SCI-IN-FLIGHT-MANAGER-66C96,SRC-SCI-AVIATION-33-1DE5A
UNI-SCIENCE,STR-SCI-INDUSTRIAL-CHEMIS-70D2F,CAR-SCI-INDUSTRIAL-CHEMIS-70D2F,SRC-SCI-PURE-SCIENCE-48-45A7F
UNI-SCIENCE,STR-SCI-INDUSTRIAL-DESIGN-FB177,CAR-SCI-INDUSTRIAL-DESIGN-FB177,SRC-SCI-DESIGN-120-72B84
UNI-SCIENCE,STR-SCI-INDUSTRIAL-PRODUC-C9648,CAR-SCI-INDUSTRIAL-PRODUC-C9648,SRC-SCI-ENGINEERING-252-71742
UNI-SCIENCE,STR-SCI-INFORMATION-TECHN-46B29,CAR-SCI-INFORMATION-TECHN-46B29,SRC-SCI-ENGINEERING-82-CDEED
UNI-SCIENCE,STR-SCI-INSPECTOR-89C5F,CAR-SCI-INSPECTOR-89C5F,SRC-SCI-AVIATION-55-9BD89
UNI-SCIENCE,STR-SCI-INSTRUMENTATION-E-34E3C,CAR-SCI-INSTRUMENTATION-E-34E3C,SRC-SCI-ENGINEERING-262-6975D
UNI-SCIENCE,STR-SCI-INTERACTION-DESIG-79697,CAR-SCI-INTERACTION-DESIG-79697,SRC-SCI-DESIGN-15-AFF81
UNI-SCIENCE,STR-SCI-INTERIOR-DESIGN-9EEF2,CAR-SCI-INTERIOR-DESIGN-9EEF2,SRC-SCI-DESIGN-57-BA30E
UNI-SCIENCE,STR-SCI-LAB-TECHNICIAN-8B872,CAR-SCI-LAB-TECHNICIAN-8B872,SRC-SCI-VOCATIONAL-39-EE2F1
UNI-SCIENCE,STR-SCI-LEATHER-TECHNOLOG-BB1AA,CAR-SCI-LEATHER-TECHNOLOG-BB1AA,SRC-SCI-ENGINEERING-342-4BAA4
UNI-SCIENCE,STR-SCI-LEGAL-OFFICER-6D26D,CAR-SCI-LEGAL-OFFICER-6D26D,SRC-SCI-DEFENCE-48-24C60
UNI-SCIENCE,STR-SCI-LIGHTING-DESIGN-A9985,CAR-SCI-LIGHTING-DESIGN-A9985,SRC-SCI-DESIGN-144-B8570
UNI-SCIENCE,STR-SCI-LOGISTICS-OFFICER-AD442,CAR-SCI-LOGISTICS-OFFICER-AD442,SRC-SCI-DEFENCE-52-725EF
UNI-SCIENCE,STR-SCI-MACHINE-LEARNING-53A9B,CAR-SCI-MACHINE-LEARNING-53A9B,SRC-SCI-DATA-ANALYTICS-18-81FFC
UNI-SCIENCE,STR-SCI-MANAGER-601C0,CAR-SCI-MANAGER-601C0,SRC-SCI-AVIATION-45-E59ED
UNI-SCIENCE,STR-SCI-MARCOS-AC304,CAR-SCI-MARCOS-AC304,SRC-SCI-DEFENCE-60-CC9C2
UNI-SCIENCE,STR-SCI-MARINE-ENGINEERIN-BD12D,CAR-SCI-MARINE-ENGINEERIN-BD12D,SRC-SCI-ENGINEERING-192-8FB85
UNI-SCIENCE,STR-SCI-MARINE-TECHNICIAN-6E55C,CAR-SCI-MARINE-TECHNICIAN-6E55C,SRC-SCI-VOCATIONAL-33-393F1
UNI-SCIENCE,STR-SCI-MARKETING-ANALYST-CE7DA,CAR-SCI-MARKETING-ANALYST-CE7DA,SRC-SCI-DATA-ANALYTICS-11-28C9F
UNI-SCIENCE,STR-SCI-MATERIALS-SCIENCE-A59A5,CAR-SCI-MATERIALS-SCIENCE-A59A5,SRC-SCI-ENGINEERING-212-40779
UNI-SCIENCE,STR-SCI-MATERIALS-SCIENCE-A8075,CAR-SCI-MATERIALS-SCIENCE-A8075,SRC-SCI-PURE-SCIENCE-66-92A31
UNI-SCIENCE,STR-SCI-MATHEMATICS-E17F5,CAR-SCI-MATHEMATICS-E17F5,SRC-SCI-PURE-SCIENCE-9-B93AA
UNI-SCIENCE,STR-SCI-MECHANICAL-ENGINE-36283,CAR-SCI-MECHANICAL-ENGINE-36283,SRC-SCI-ENGINEERING-12-E6E18
UNI-SCIENCE,STR-SCI-MECHATRONICS-ENGI-72E9C,CAR-SCI-MECHATRONICS-ENGI-72E9C,SRC-SCI-ENGINEERING-152-57B63
UNI-SCIENCE,STR-SCI-METALLURGICAL-ENG-43BD5,CAR-SCI-METALLURGICAL-ENG-43BD5,SRC-SCI-ENGINEERING-272-ECACB
UNI-SCIENCE,STR-SCI-METEOROLOGIST-F4B4B,CAR-SCI-METEOROLOGIST-F4B4B,SRC-SCI-AVIATION-59-BCAC3
UNI-SCIENCE,STR-SCI-MICROBIOLOGY-1A40A,CAR-SCI-MICROBIOLOGY-1A40A,SRC-SCI-PURE-SCIENCE-21-D17EF
UNI-SCIENCE,STR-SCI-MILITARY-DOCTOR-A6986,CAR-SCI-MILITARY-DOCTOR-A6986,SRC-SCI-DEFENCE-46-0CEA8
UNI-SCIENCE,STR-SCI-MINING-ENGINEERIN-A7154,CAR-SCI-MINING-ENGINEERIN-A7154,SRC-SCI-ENGINEERING-182-1CE03
UNI-SCIENCE,STR-SCI-MINING-TECHNICIAN-AB9C6,CAR-SCI-MINING-TECHNICIAN-AB9C6,SRC-SCI-VOCATIONAL-32-1DD4A
UNI-SCIENCE,STR-SCI-MLOPS-ENGINEER-3D44E,CAR-SCI-MLOPS-ENGINEER-3D44E,SRC-SCI-DATA-ANALYTICS-38-E59CB
UNI-SCIENCE,STR-SCI-MOTION-DESIGN-3502D,CAR-SCI-MOTION-DESIGN-3502D,SRC-SCI-DESIGN-33-A5D6C
UNI-SCIENCE,STR-SCI-MRO-ENGINEER-EDC9A,CAR-SCI-MRO-ENGINEER-EDC9A,SRC-SCI-AVIATION-29-99D96
UNI-SCIENCE,STR-SCI-NANOTECHNOLOGY-3E45B,CAR-SCI-NANOTECHNOLOGY-3E45B,SRC-SCI-ENGINEERING-232-178AB
UNI-SCIENCE,STR-SCI-NATUROPATHY-YOGIC-5412C,CAR-SCI-NATUROPATHY-YOGIC-5412C,SRC-SCI-MEDICINE-52-45E2E
UNI-SCIENCE,STR-SCI-NAVAL-ARCHITECTUR-AB88D,CAR-SCI-NAVAL-ARCHITECTUR-AB88D,SRC-SCI-ENGINEERING-322-F6F3B
UNI-SCIENCE,STR-SCI-NAVAL-ENGINEER-D6D80,CAR-SCI-NAVAL-ENGINEER-D6D80,SRC-SCI-DEFENCE-20-11682
UNI-SCIENCE,STR-SCI-NAVAL-OFFICER-F8F0C,CAR-SCI-NAVAL-OFFICER-F8F0C,SRC-SCI-DEFENCE-12-B8CD9
UNI-SCIENCE,STR-SCI-NAVIK-A47E8,CAR-SCI-NAVIK-A47E8,SRC-SCI-DEFENCE-36-2E1C5
UNI-SCIENCE,STR-SCI-NETWORK-ENGINEER-26C50,CAR-SCI-NETWORK-ENGINEER-26C50,SRC-SCI-VOCATIONAL-23-6052E
UNI-SCIENCE,STR-SCI-NLP-ENGINEER-70FDF,CAR-SCI-NLP-ENGINEER-70FDF,SRC-SCI-DATA-ANALYTICS-28-62702
UNI-SCIENCE,STR-SCI-NURSING-BSC-745B4,CAR-SCI-NURSING-BSC-745B4,SRC-SCI-MEDICINE-46-DE821
UNI-SCIENCE,STR-SCI-NURSING-OFFICER-5EFBF,CAR-SCI-NURSING-OFFICER-5EFBF,SRC-SCI-DEFENCE-44-3CA37
UNI-SCIENCE,STR-SCI-OCEANOGRAPHY-MARI-B6FDF,CAR-SCI-OCEANOGRAPHY-MARI-B6FDF,SRC-SCI-PURE-SCIENCE-54-8E865
UNI-SCIENCE,STR-SCI-OFFICER-E3B5E,CAR-SCI-OFFICER-E3B5E,SRC-SCI-DEFENCE-42-86B33
UNI-SCIENCE,STR-SCI-OPERATOR-1F7CF,CAR-SCI-OPERATOR-1F7CF,SRC-SCI-VOCATIONAL-10-685B2
UNI-SCIENCE,STR-SCI-PACKAGING-DESIGN-1967C,CAR-SCI-PACKAGING-DESIGN-1967C,SRC-SCI-DESIGN-138-CACC2
UNI-SCIENCE,STR-SCI-PACKAGING-TECHNIC-C2351,CAR-SCI-PACKAGING-TECHNIC-C2351,SRC-SCI-VOCATIONAL-36-F2F39
UNI-SCIENCE,STR-SCI-PACKAGING-TECHNOL-3358C,CAR-SCI-PACKAGING-TECHNOL-3358C,SRC-SCI-ENGINEERING-362-1356E
UNI-SCIENCE,STR-SCI-PARA-SF-424A8,CAR-SCI-PARA-SF-424A8,SRC-SCI-DEFENCE-58-F86EF
UNI-SCIENCE,STR-SCI-PART-TIME-OFFICER-FBC29,CAR-SCI-PART-TIME-OFFICER-FBC29,SRC-SCI-DEFENCE-64-912AC
UNI-SCIENCE,STR-SCI-PATHOLOGY-B32A0,CAR-SCI-PATHOLOGY-B32A0,SRC-SCI-MEDICINE-25-19C72
UNI-SCIENCE,STR-SCI-PEDIATRICS-F81AB,CAR-SCI-PEDIATRICS-F81AB,SRC-SCI-MEDICINE-10-DB4BA
UNI-SCIENCE,STR-SCI-PETROLEUM-ENGINEE-FB536,CAR-SCI-PETROLEUM-ENGINEE-FB536,SRC-SCI-ENGINEERING-172-5A90C
UNI-SCIENCE,STR-SCI-PHARMACIST-26368,CAR-SCI-PHARMACIST-26368,SRC-SCI-VOCATIONAL-42-52087
UNI-SCIENCE,STR-SCI-PHARMACY-BPHARM-8FAC9,CAR-SCI-PHARMACY-BPHARM-8FAC9,SRC-SCI-MEDICINE-49-2F138
UNI-SCIENCE,STR-SCI-PHYSICS-2EA48,CAR-SCI-PHYSICS-2EA48,SRC-SCI-PURE-SCIENCE-2-FB9CB
UNI-SCIENCE,STR-SCI-PHYSIOTHERAPY-BPT-7508D,CAR-SCI-PHYSIOTHERAPY-BPT-7508D,SRC-SCI-MEDICINE-43-47AEE
UNI-SCIENCE,STR-SCI-PILOT-9A174,CAR-SCI-PILOT-9A174,SRC-SCI-DEFENCE-9-00CDB
UNI-SCIENCE,STR-SCI-PLUMBER-970A5,CAR-SCI-PLUMBER-970A5,SRC-SCI-VOCATIONAL-6-AEB05
UNI-SCIENCE,STR-SCI-POLYMER-PLASTICS-EE8FC,CAR-SCI-POLYMER-PLASTICS-EE8FC,SRC-SCI-ENGINEERING-302-FB281
UNI-SCIENCE,STR-SCI-PRINTING-TECHNICI-A304C,CAR-SCI-PRINTING-TECHNICI-A304C,SRC-SCI-VOCATIONAL-35-159F1
UNI-SCIENCE,STR-SCI-PRINTING-TECHNOLO-8C9B9,CAR-SCI-PRINTING-TECHNOLO-8C9B9,SRC-SCI-ENGINEERING-352-541BB
UNI-SCIENCE,STR-SCI-PROCESS-TECHNICIA-7C5A6,CAR-SCI-PROCESS-TECHNICIA-7C5A6,SRC-SCI-VOCATIONAL-12-C9EAF
UNI-SCIENCE,STR-SCI-PRODUCT-ANALYST-23084,CAR-SCI-PRODUCT-ANALYST-23084,SRC-SCI-DATA-ANALYTICS-68-39326
UNI-SCIENCE,STR-SCI-PRODUCT-DESIGN-219E7,CAR-SCI-PRODUCT-DESIGN-219E7,SRC-SCI-DESIGN-3-5429C
UNI-SCIENCE,STR-SCI-PSYCHIATRY-82FCA,CAR-SCI-PSYCHIATRY-82FCA,SRC-SCI-MEDICINE-16-207C2
UNI-SCIENCE,STR-SCI-PULP-PAPER-TECHNO-0EF73,CAR-SCI-PULP-PAPER-TECHNO-0EF73,SRC-SCI-ENGINEERING-392-1994A
UNI-SCIENCE,STR-SCI-QUANTITATIVE-ANAL-6E5DD,CAR-SCI-QUANTITATIVE-ANAL-6E5DD,SRC-SCI-DATA-ANALYTICS-88-5385A
UNI-SCIENCE,STR-SCI-RADIOLOGY-9BA7A,CAR-SCI-RADIOLOGY-9BA7A,SRC-SCI-MEDICINE-19-3D7E5
UNI-SCIENCE,STR-SCI-RADIOLOGY-TECH-7B544,CAR-SCI-RADIOLOGY-TECH-7B544,SRC-SCI-VOCATIONAL-40-970B8
UNI-SCIENCE,STR-SCI-RAMP-STAFF-BFB3A,CAR-SCI-RAMP-STAFF-BFB3A,SRC-SCI-AVIATION-37-84AA4
UNI-SCIENCE,STR-SCI-RENEWABLE-ENERGY-7C109,CAR-SCI-RENEWABLE-ENERGY-7C109,SRC-SCI-ENGINEERING-132-6AADF
UNI-SCIENCE,STR-SCI-REPAIR-TECHNICIAN-7909B,CAR-SCI-REPAIR-TECHNICIAN-7909B,SRC-SCI-VOCATIONAL-20-A7589
UNI-SCIENCE,STR-SCI-RISK-ANALYST-2F310,CAR-SCI-RISK-ANALYST-2F310,SRC-SCI-DATA-ANALYTICS-93-AAA9B
UNI-SCIENCE,STR-SCI-ROBOTICS-ENGINEER-C9C18,CAR-SCI-ROBOTICS-ENGINEER-C9C18,SRC-SCI-ENGINEERING-162-9D7A9
UNI-SCIENCE,STR-SCI-SAFETY-OFFICER-35334,CAR-SCI-SAFETY-OFFICER-35334,SRC-SCI-VOCATIONAL-53-9F47A
UNI-SCIENCE,STR-SCI-SAILOR-3D248,CAR-SCI-SAILOR-3D248,SRC-SCI-DEFENCE-32-63911
UNI-SCIENCE,STR-SCI-SCIENTIST-87B30,CAR-SCI-SCIENTIST-87B30,SRC-SCI-AVIATION-67-E0201
UNI-SCIENCE,STR-SCI-SECURITY-STAFF-95906,CAR-SCI-SECURITY-STAFF-95906,SRC-SCI-AVIATION-61-149C4
UNI-SCIENCE,STR-SCI-SECURITY-TECHNICI-F47D0,CAR-SCI-SECURITY-TECHNICI-F47D0,SRC-SCI-VOCATIONAL-24-BA3A7
UNI-SCIENCE,STR-SCI-SERVICE-DESIGN-A7801,CAR-SCI-SERVICE-DESIGN-A7801,SRC-SCI-DESIGN-96-EE72E
UNI-SCIENCE,STR-SCI-SIDDHA-MEDICINE-B-75CEF,CAR-SCI-SIDDHA-MEDICINE-B-75CEF,SRC-SCI-MEDICINE-58-031AC
UNI-SCIENCE,STR-SCI-SKILLED-WORKER-A81FA,CAR-SCI-SKILLED-WORKER-A81FA,SRC-SCI-VOCATIONAL-57-4FCAA
UNI-SCIENCE,STR-SCI-SOIL-SCIENCE-FAC12,CAR-SCI-SOIL-SCIENCE-FAC12,SRC-SCI-PURE-SCIENCE-75-1C874
UNI-SCIENCE,STR-SCI-SOLAR-INSTALLER-54C78,CAR-SCI-SOLAR-INSTALLER-54C78,SRC-SCI-VOCATIONAL-26-959EC
UNI-SCIENCE,STR-SCI-SOLDIER-267AD,CAR-SCI-SOLDIER-267AD,SRC-SCI-DEFENCE-26-617A5
UNI-SCIENCE,STR-SCI-SPACE-TECHNOLOGY-24B4C,CAR-SCI-SPACE-TECHNOLOGY-24B4C,SRC-SCI-ENGINEERING-242-F568B
UNI-SCIENCE,STR-SCI-STATISTICS-2E374,CAR-SCI-STATISTICS-2E374,SRC-SCI-PURE-SCIENCE-15-B3AB4
UNI-SCIENCE,STR-SCI-SUPPLY-CHAIN-OPER-0ECCD,CAR-SCI-SUPPLY-CHAIN-OPER-0ECCD,SRC-SCI-DATA-ANALYTICS-12-2C95C
UNI-SCIENCE,STR-SCI-SURVEYOR-B068D,CAR-SCI-SURVEYOR-B068D,SRC-SCI-VOCATIONAL-30-BB8B4
UNI-SCIENCE,STR-SCI-TECH-SOLDIER-148FD,CAR-SCI-TECH-SOLDIER-148FD,SRC-SCI-DEFENCE-28-CCAEA
UNI-SCIENCE,STR-SCI-TECHNICIAN-5A57B,CAR-SCI-TECHNICIAN-5A57B,SRC-SCI-VOCATIONAL-55-0813C
UNI-SCIENCE,STR-SCI-TEXTILE-DESIGN-0C3E5,CAR-SCI-TEXTILE-DESIGN-0C3E5,SRC-SCI-DESIGN-84-AA0C6
UNI-SCIENCE,STR-SCI-TEXTILE-ENGINEERI-7324F,CAR-SCI-TEXTILE-ENGINEERI-7324F,SRC-SCI-ENGINEERING-282-5304F
UNI-SCIENCE,STR-SCI-TOOL-DIE-MAKER-5DBDF,CAR-SCI-TOOL-DIE-MAKER-5DBDF,SRC-SCI-VOCATIONAL-13-8712A
UNI-SCIENCE,STR-SCI-TOOL-ENGINEERING-2D7F8,CAR-SCI-TOOL-ENGINEERING-2D7F8,SRC-SCI-ENGINEERING-402-A02D5
UNI-SCIENCE,STR-SCI-UI-ENGINEERING-CR-9D6A5,CAR-SCI-UI-ENGINEERING-CR-9D6A5,SRC-SCI-DESIGN-114-87F77
UNI-SCIENCE,STR-SCI-UI-UX-DESIGN-B2FF5,CAR-SCI-UI-UX-DESIGN-B2FF5,SRC-SCI-DESIGN-9-EE8CD
UNI-SCIENCE,STR-SCI-UNANI-MEDICINE-BU-B0156,CAR-SCI-UNANI-MEDICINE-BU-B0156,SRC-SCI-MEDICINE-55-B745B
UNI-SCIENCE,STR-SCI-VISUAL-COMMUNICAT-40D3D,CAR-SCI-VISUAL-COMMUNICAT-40D3D,SRC-SCI-DESIGN-27-6528C
UNI-SCIENCE,STR-SCI-WAYFINDING-ENVIRO-2AB13,CAR-SCI-WAYFINDING-ENVIRO-2AB13,SRC-SCI-DESIGN-150-B8D98
UNI-SCIENCE,STR-SCI-WELDER-21472,CAR-SCI-WELDER-21472,SRC-SCI-VOCATIONAL-5-D0634
UNI-SCIENCE,STR-SCI-ZOOLOGY-34048,CAR-SCI-ZOOLOGY-34048,SRC-SCI-PURE-SCIENCE-27-72F41
